event_id,event_date,site_id,region,issue_type,severity,records_affected,resolved_hours,reporting_hold
Q000H01,2025-01-01,H01,Central,missing_discharge,low,18,17.8,1
Q000H02,2025-01-01,H02,South,invalid_code,high,38,24.4,0
Q000H03,2025-01-01,H03,Urban,late_feed,high,12,38.6,0
Q000H04,2025-01-01,H04,Mountain,invalid_code,high,34,26.2,0
Q000H05,2025-01-01,H05,North,missing_discharge,high,30,26.4,0
Q000H06,2025-01-01,H06,Central,late_feed,medium,25,17.8,0
Q000H07,2025-01-01,H07,South,missing_discharge,high,49,19.4,1
Q000H08,2025-01-01,H08,Urban,missing_discharge,low,47,22.9,1
Q000H09,2025-01-01,H09,Mountain,duplicate_key,low,27,2.2,0
Q000H10,2025-01-01,H10,North,duplicate_key,medium,26,14.2,1
Q000H11,2025-01-01,H11,Central,duplicate_key,high,69,31.6,0
Q000H12,2025-01-01,H12,South,late_feed,medium,57,21.7,0
Q000H13,2025-01-01,H13,Urban,duplicate_key,low,73,38.5,1
Q000H14,2025-01-01,H14,Mountain,duplicate_key,medium,65,4.3,1
Q000H15,2025-01-01,H15,North,missing_discharge,medium,27,34.0,1
Q000H16,2025-01-01,H16,Central,duplicate_key,high,29,14.9,0
Q000H17,2025-01-01,H17,South,late_feed,medium,64,26.0,0
Q000H18,2025-01-01,H18,Urban,invalid_code,medium,31,16.3,0
Q000H19,2025-01-01,H19,Mountain,duplicate_key,medium,44,34.3,0
Q000H20,2025-01-01,H20,North,late_feed,medium,68,24.8,0
Q003H01,2025-01-04,H01,Central,duplicate_key,low,42,7.1,1
Q003H02,2025-01-04,H02,South,invalid_code,low,65,13.0,0
Q003H03,2025-01-04,H03,Urban,invalid_code,medium,53,24.4,0
Q003H04,2025-01-04,H04,Mountain,invalid_code,medium,67,10.2,0
Q003H05,2025-01-04,H05,North,duplicate_key,high,14,8.4,1
Q003H06,2025-01-04,H06,Central,invalid_code,low,12,3.3,0
Q003H07,2025-01-04,H07,South,late_feed,low,47,37.9,0
Q003H08,2025-01-04,H08,Urban,late_feed,high,34,25.8,0
Q003H09,2025-01-04,H09,Mountain,late_feed,medium,5,28.3,0
Q003H10,2025-01-04,H10,North,late_feed,medium,32,2.5,0
Q003H11,2025-01-04,H11,Central,duplicate_key,low,50,18.3,0
Q003H12,2025-01-04,H12,South,late_feed,high,31,28.2,0
Q003H13,2025-01-04,H13,Urban,invalid_code,high,74,4.9,0
Q003H14,2025-01-04,H14,Mountain,missing_discharge,low,63,27.4,0
Q003H15,2025-01-04,H15,North,late_feed,medium,53,5.5,0
Q003H16,2025-01-04,H16,Central,duplicate_key,high,69,16.9,0
Q003H17,2025-01-04,H17,South,invalid_code,high,61,6.7,0
Q003H18,2025-01-04,H18,Urban,invalid_code,low,44,11.1,0
Q003H19,2025-01-04,H19,Mountain,invalid_code,low,57,36.7,0
Q003H20,2025-01-04,H20,North,invalid_code,low,73,32.1,0
Q006H01,2025-01-07,H01,Central,invalid_code,low,15,4.3,0
Q006H02,2025-01-07,H02,South,invalid_code,low,38,18.0,0
Q006H03,2025-01-07,H03,Urban,duplicate_key,low,49,32.0,0
Q006H04,2025-01-07,H04,Mountain,invalid_code,medium,56,16.4,0
Q006H05,2025-01-07,H05,North,invalid_code,medium,25,21.3,0
Q006H06,2025-01-07,H06,Central,late_feed,medium,23,36.7,0
Q006H07,2025-01-07,H07,South,late_feed,medium,19,24.8,0
Q006H08,2025-01-07,H08,Urban,duplicate_key,medium,27,10.1,1
Q006H09,2025-01-07,H09,Mountain,late_feed,high,41,6.4,0
Q006H10,2025-01-07,H10,North,duplicate_key,high,37,17.7,0
Q006H11,2025-01-07,H11,Central,missing_discharge,high,55,16.0,1
Q006H12,2025-01-07,H12,South,invalid_code,low,33,40.6,0
Q006H13,2025-01-07,H13,Urban,missing_discharge,high,34,27.9,1
Q006H14,2025-01-07,H14,Mountain,duplicate_key,high,33,37.1,1
Q006H15,2025-01-07,H15,North,late_feed,medium,14,14.9,0
Q006H16,2025-01-07,H16,Central,missing_discharge,high,66,25.5,1
Q006H17,2025-01-07,H17,South,duplicate_key,medium,27,11.3,1
Q006H18,2025-01-07,H18,Urban,duplicate_key,high,68,5.9,1
Q006H19,2025-01-07,H19,Mountain,missing_discharge,medium,37,11.0,1
Q006H20,2025-01-07,H20,North,missing_discharge,low,72,2.0,0
Q009H01,2025-01-10,H01,Central,invalid_code,low,61,31.6,0
Q009H02,2025-01-10,H02,South,missing_discharge,high,38,13.1,1
Q009H03,2025-01-10,H03,Urban,invalid_code,medium,64,18.8,0
Q009H04,2025-01-10,H04,Mountain,late_feed,low,31,35.7,0
Q009H05,2025-01-10,H05,North,duplicate_key,low,10,36.6,1
Q009H06,2025-01-10,H06,Central,duplicate_key,high,55,13.6,0
Q009H07,2025-01-10,H07,South,duplicate_key,high,5,37.6,0
Q009H08,2025-01-10,H08,Urban,late_feed,low,59,32.1,0
Q009H09,2025-01-10,H09,Mountain,duplicate_key,low,34,20.0,1
Q009H10,2025-01-10,H10,North,late_feed,medium,28,33.7,0
Q009H11,2025-01-10,H11,Central,missing_discharge,medium,17,18.5,1
Q009H12,2025-01-10,H12,South,missing_discharge,medium,36,28.9,0
Q009H13,2025-01-10,H13,Urban,late_feed,medium,23,20.2,0
Q009H14,2025-01-10,H14,Mountain,duplicate_key,high,50,17.5,0
Q009H15,2025-01-10,H15,North,duplicate_key,medium,44,18.2,1
Q009H16,2025-01-10,H16,Central,duplicate_key,low,13,32.1,1
Q009H17,2025-01-10,H17,South,late_feed,high,10,25.5,0
Q009H18,2025-01-10,H18,Urban,duplicate_key,high,6,33.5,0
Q009H19,2025-01-10,H19,Mountain,invalid_code,medium,54,26.4,0
Q009H20,2025-01-10,H20,North,missing_discharge,medium,7,26.6,0
Q012H01,2025-01-13,H01,Central,invalid_code,medium,5,32.1,0
Q012H02,2025-01-13,H02,South,invalid_code,low,49,27.5,0
Q012H03,2025-01-13,H03,Urban,duplicate_key,medium,49,40.7,1
Q012H04,2025-01-13,H04,Mountain,invalid_code,high,30,11.7,0
Q012H05,2025-01-13,H05,North,duplicate_key,high,17,39.6,0
Q012H06,2025-01-13,H06,Central,duplicate_key,high,23,2.0,1
Q012H07,2025-01-13,H07,South,duplicate_key,high,10,17.6,1
Q012H08,2025-01-13,H08,Urban,duplicate_key,high,24,32.1,0
Q012H09,2025-01-13,H09,Mountain,missing_discharge,low,45,2.2,1
Q012H10,2025-01-13,H10,North,invalid_code,medium,20,22.0,0
Q012H11,2025-01-13,H11,Central,late_feed,high,18,20.1,0
Q012H12,2025-01-13,H12,South,duplicate_key,medium,35,7.8,0
Q012H13,2025-01-13,H13,Urban,invalid_code,high,59,38.5,0
Q012H14,2025-01-13,H14,Mountain,late_feed,high,59,41.4,0
Q012H15,2025-01-13,H15,North,missing_discharge,high,26,5.2,0
Q012H16,2025-01-13,H16,Central,duplicate_key,low,33,6.0,1
Q012H17,2025-01-13,H17,South,duplicate_key,low,26,25.2,0
Q012H18,2025-01-13,H18,Urban,late_feed,high,11,11.5,0
Q012H19,2025-01-13,H19,Mountain,late_feed,medium,31,15.7,0
Q012H20,2025-01-13,H20,North,duplicate_key,high,5,17.1,1
Q015H01,2025-01-16,H01,Central,missing_discharge,high,59,40.9,0
Q015H02,2025-01-16,H02,South,duplicate_key,medium,43,17.7,1
Q015H03,2025-01-16,H03,Urban,duplicate_key,low,59,39.5,0
Q015H04,2025-01-16,H04,Mountain,invalid_code,medium,43,5.2,0
Q015H05,2025-01-16,H05,North,missing_discharge,high,38,30.3,0
Q015H06,2025-01-16,H06,Central,invalid_code,low,41,36.6,0
Q015H07,2025-01-16,H07,South,missing_discharge,high,31,32.4,0
Q015H08,2025-01-16,H08,Urban,missing_discharge,low,43,9.8,0
Q015H09,2025-01-16,H09,Mountain,duplicate_key,low,15,35.0,1
Q015H10,2025-01-16,H10,North,invalid_code,low,28,18.2,0
Q015H11,2025-01-16,H11,Central,invalid_code,high,41,15.1,0
Q015H12,2025-01-16,H12,South,late_feed,medium,16,12.9,0
Q015H13,2025-01-16,H13,Urban,late_feed,low,40,38.8,0
Q015H14,2025-01-16,H14,Mountain,invalid_code,low,45,36.9,0
Q015H15,2025-01-16,H15,North,late_feed,low,53,30.1,0
Q015H16,2025-01-16,H16,Central,late_feed,low,28,8.0,0
Q015H17,2025-01-16,H17,South,duplicate_key,medium,8,9.6,1
Q015H18,2025-01-16,H18,Urban,duplicate_key,low,10,23.2,1
Q015H19,2025-01-16,H19,Mountain,invalid_code,medium,16,7.4,0
Q015H20,2025-01-16,H20,North,missing_discharge,medium,52,25.1,0
Q018H01,2025-01-19,H01,Central,late_feed,medium,8,20.8,0
Q018H02,2025-01-19,H02,South,missing_discharge,low,71,36.3,0
Q018H03,2025-01-19,H03,Urban,duplicate_key,high,15,6.0,0
Q018H04,2025-01-19,H04,Mountain,invalid_code,high,23,20.0,0
Q018H05,2025-01-19,H05,North,late_feed,medium,48,12.5,0
Q018H06,2025-01-19,H06,Central,invalid_code,medium,51,11.2,0
Q018H07,2025-01-19,H07,South,missing_discharge,low,71,41.5,0
Q018H08,2025-01-19,H08,Urban,missing_discharge,low,66,14.8,0
Q018H09,2025-01-19,H09,Mountain,invalid_code,high,70,32.3,0
Q018H10,2025-01-19,H10,North,invalid_code,low,29,14.8,0
Q018H11,2025-01-19,H11,Central,late_feed,high,55,6.7,0
Q018H12,2025-01-19,H12,South,missing_discharge,high,73,25.3,0
Q018H13,2025-01-19,H13,Urban,late_feed,high,17,35.0,0
Q018H14,2025-01-19,H14,Mountain,late_feed,low,28,23.3,0
Q018H15,2025-01-19,H15,North,missing_discharge,high,27,29.1,0
Q018H16,2025-01-19,H16,Central,late_feed,high,71,35.6,0
Q018H17,2025-01-19,H17,South,missing_discharge,low,68,21.2,0
Q018H18,2025-01-19,H18,Urban,duplicate_key,high,39,29.7,1
Q018H19,2025-01-19,H19,Mountain,duplicate_key,medium,11,38.4,0
Q018H20,2025-01-19,H20,North,invalid_code,high,69,29.7,0
Q021H01,2025-01-22,H01,Central,late_feed,low,44,28.3,0
Q021H02,2025-01-22,H02,South,late_feed,low,41,23.7,0
Q021H03,2025-01-22,H03,Urban,missing_discharge,low,12,12.7,0
Q021H04,2025-01-22,H04,Mountain,invalid_code,high,55,37.3,0
Q021H05,2025-01-22,H05,North,duplicate_key,medium,63,24.5,0
Q021H06,2025-01-22,H06,Central,duplicate_key,low,54,34.1,0
Q021H07,2025-01-22,H07,South,late_feed,high,21,35.6,0
Q021H08,2025-01-22,H08,Urban,missing_discharge,low,9,5.2,0
Q021H09,2025-01-22,H09,Mountain,late_feed,medium,22,23.8,0
Q021H10,2025-01-22,H10,North,invalid_code,medium,73,20.6,0
Q021H11,2025-01-22,H11,Central,late_feed,low,57,12.9,0
Q021H12,2025-01-22,H12,South,missing_discharge,medium,38,10.1,1
Q021H13,2025-01-22,H13,Urban,duplicate_key,medium,46,23.9,1
Q021H14,2025-01-22,H14,Mountain,missing_discharge,low,46,9.4,0
Q021H15,2025-01-22,H15,North,duplicate_key,medium,31,14.6,0
Q021H16,2025-01-22,H16,Central,late_feed,medium,47,9.1,0
Q021H17,2025-01-22,H17,South,missing_discharge,high,41,19.6,0
Q021H18,2025-01-22,H18,Urban,duplicate_key,low,28,19.1,0
Q021H19,2025-01-22,H19,Mountain,duplicate_key,low,11,33.9,0
Q021H20,2025-01-22,H20,North,missing_discharge,low,22,24.8,0
Q024H01,2025-01-25,H01,Central,late_feed,high,5,3.9,0
Q024H02,2025-01-25,H02,South,late_feed,low,22,19.7,0
Q024H03,2025-01-25,H03,Urban,late_feed,low,74,30.6,0
Q024H04,2025-01-25,H04,Mountain,duplicate_key,medium,46,36.8,1
Q024H05,2025-01-25,H05,North,duplicate_key,low,6,12.0,0
Q024H06,2025-01-25,H06,Central,late_feed,low,71,18.8,0
Q024H07,2025-01-25,H07,South,invalid_code,medium,61,20.6,0
Q024H08,2025-01-25,H08,Urban,duplicate_key,high,41,5.6,1
Q024H09,2025-01-25,H09,Mountain,duplicate_key,low,37,38.0,1
Q024H10,2025-01-25,H10,North,late_feed,medium,35,33.7,0
Q024H11,2025-01-25,H11,Central,missing_discharge,high,42,32.3,0
Q024H12,2025-01-25,H12,South,late_feed,high,67,30.6,0
Q024H13,2025-01-25,H13,Urban,missing_discharge,low,20,38.3,0
Q024H14,2025-01-25,H14,Mountain,invalid_code,high,30,7.4,0
Q024H15,2025-01-25,H15,North,missing_discharge,medium,49,8.9,0
Q024H16,2025-01-25,H16,Central,late_feed,low,18,6.8,0
Q024H17,2025-01-25,H17,South,late_feed,medium,34,36.1,0
Q024H18,2025-01-25,H18,Urban,missing_discharge,medium,24,16.2,1
Q024H19,2025-01-25,H19,Mountain,late_feed,high,26,22.1,0
Q024H20,2025-01-25,H20,North,missing_discharge,low,70,35.2,1
Q027H01,2025-01-28,H01,Central,duplicate_key,high,64,26.8,0
Q027H02,2025-01-28,H02,South,duplicate_key,low,61,5.4,1
Q027H03,2025-01-28,H03,Urban,late_feed,medium,11,27.2,0
Q027H04,2025-01-28,H04,Mountain,duplicate_key,medium,54,25.6,1
Q027H05,2025-01-28,H05,North,late_feed,medium,40,2.2,0
Q027H06,2025-01-28,H06,Central,duplicate_key,high,41,7.3,0
Q027H07,2025-01-28,H07,South,duplicate_key,medium,23,40.3,1
Q027H08,2025-01-28,H08,Urban,missing_discharge,high,46,33.9,1
Q027H09,2025-01-28,H09,Mountain,duplicate_key,medium,28,20.2,1
Q027H10,2025-01-28,H10,North,missing_discharge,medium,33,34.9,1
Q027H11,2025-01-28,H11,Central,duplicate_key,medium,42,29.4,0
Q027H12,2025-01-28,H12,South,invalid_code,low,14,23.6,0
Q027H13,2025-01-28,H13,Urban,missing_discharge,low,22,11.2,0
Q027H14,2025-01-28,H14,Mountain,missing_discharge,medium,25,7.7,1
Q027H15,2025-01-28,H15,North,late_feed,high,36,8.7,0
Q027H16,2025-01-28,H16,Central,late_feed,medium,29,19.8,0
Q027H17,2025-01-28,H17,South,late_feed,medium,40,10.0,0
Q027H18,2025-01-28,H18,Urban,invalid_code,high,51,26.8,0
Q027H19,2025-01-28,H19,Mountain,missing_discharge,high,23,25.6,0
Q027H20,2025-01-28,H20,North,duplicate_key,medium,45,4.4,1
Q030H01,2025-01-31,H01,Central,missing_discharge,high,24,3.4,1
Q030H02,2025-01-31,H02,South,late_feed,high,50,7.2,0
Q030H03,2025-01-31,H03,Urban,invalid_code,low,32,3.9,0
Q030H04,2025-01-31,H04,Mountain,missing_discharge,medium,20,9.1,0
Q030H05,2025-01-31,H05,North,late_feed,medium,8,26.2,0
Q030H06,2025-01-31,H06,Central,duplicate_key,high,23,25.7,1
Q030H07,2025-01-31,H07,South,invalid_code,high,73,26.3,0
Q030H08,2025-01-31,H08,Urban,invalid_code,low,7,8.1,0
Q030H09,2025-01-31,H09,Mountain,late_feed,low,69,3.1,0
Q030H10,2025-01-31,H10,North,duplicate_key,medium,52,30.9,0
Q030H11,2025-01-31,H11,Central,missing_discharge,low,30,37.2,0
Q030H12,2025-01-31,H12,South,invalid_code,medium,31,18.3,0
Q030H13,2025-01-31,H13,Urban,missing_discharge,low,35,40.3,1
Q030H14,2025-01-31,H14,Mountain,duplicate_key,medium,30,2.7,1
Q030H15,2025-01-31,H15,North,late_feed,low,47,5.6,0
Q030H16,2025-01-31,H16,Central,late_feed,high,62,7.8,0
Q030H17,2025-01-31,H17,South,missing_discharge,medium,41,36.7,0
Q030H18,2025-01-31,H18,Urban,missing_discharge,high,6,31.7,1
Q030H19,2025-01-31,H19,Mountain,missing_discharge,high,19,2.1,0
Q030H20,2025-01-31,H20,North,invalid_code,high,56,13.8,0
Q033H01,2025-02-03,H01,Central,late_feed,low,55,4.0,0
Q033H02,2025-02-03,H02,South,late_feed,high,42,28.2,0
Q033H03,2025-02-03,H03,Urban,missing_discharge,low,43,18.2,1
Q033H04,2025-02-03,H04,Mountain,late_feed,high,49,13.3,0
Q033H05,2025-02-03,H05,North,late_feed,high,29,20.6,0
Q033H06,2025-02-03,H06,Central,duplicate_key,low,26,31.5,0
Q033H07,2025-02-03,H07,South,duplicate_key,medium,56,41.3,0
Q033H08,2025-02-03,H08,Urban,duplicate_key,low,59,37.3,0
Q033H09,2025-02-03,H09,Mountain,invalid_code,high,49,35.6,0
Q033H10,2025-02-03,H10,North,late_feed,low,45,37.6,0
Q033H11,2025-02-03,H11,Central,late_feed,low,41,39.5,0
Q033H12,2025-02-03,H12,South,missing_discharge,medium,66,32.2,0
Q033H13,2025-02-03,H13,Urban,invalid_code,low,29,30.3,0
Q033H14,2025-02-03,H14,Mountain,duplicate_key,low,62,39.3,0
Q033H15,2025-02-03,H15,North,late_feed,medium,12,39.5,0
Q033H16,2025-02-03,H16,Central,missing_discharge,medium,71,2.7,0
Q033H17,2025-02-03,H17,South,late_feed,medium,23,8.1,0
Q033H18,2025-02-03,H18,Urban,late_feed,high,66,12.9,0
Q033H19,2025-02-03,H19,Mountain,missing_discharge,low,73,31.7,0
Q033H20,2025-02-03,H20,North,late_feed,low,29,23.0,0
Q036H01,2025-02-06,H01,Central,duplicate_key,high,28,2.4,0
Q036H02,2025-02-06,H02,South,invalid_code,low,23,9.9,0
Q036H03,2025-02-06,H03,Urban,invalid_code,high,20,22.7,0
Q036H04,2025-02-06,H04,Mountain,invalid_code,high,38,20.2,0
Q036H05,2025-02-06,H05,North,invalid_code,high,13,36.9,0
Q036H06,2025-02-06,H06,Central,missing_discharge,medium,62,6.9,1
Q036H07,2025-02-06,H07,South,duplicate_key,medium,59,41.1,0
Q036H08,2025-02-06,H08,Urban,missing_discharge,medium,9,11.5,1
Q036H09,2025-02-06,H09,Mountain,duplicate_key,high,38,23.4,0
Q036H10,2025-02-06,H10,North,invalid_code,high,50,25.9,0
Q036H11,2025-02-06,H11,Central,invalid_code,low,25,15.9,0
Q036H12,2025-02-06,H12,South,invalid_code,high,63,37.6,0
Q036H13,2025-02-06,H13,Urban,duplicate_key,low,49,41.1,1
Q036H14,2025-02-06,H14,Mountain,invalid_code,low,4,3.3,0
Q036H15,2025-02-06,H15,North,invalid_code,low,16,26.8,0
Q036H16,2025-02-06,H16,Central,late_feed,medium,60,31.0,0
Q036H17,2025-02-06,H17,South,missing_discharge,low,47,41.2,1
Q036H18,2025-02-06,H18,Urban,missing_discharge,high,53,3.0,1
Q036H19,2025-02-06,H19,Mountain,duplicate_key,high,65,24.7,0
Q036H20,2025-02-06,H20,North,duplicate_key,medium,63,34.0,0
Q039H01,2025-02-09,H01,Central,late_feed,high,32,39.0,0
Q039H02,2025-02-09,H02,South,duplicate_key,low,48,7.0,1
Q039H03,2025-02-09,H03,Urban,missing_discharge,high,69,26.8,1
Q039H04,2025-02-09,H04,Mountain,duplicate_key,low,62,39.7,1
Q039H05,2025-02-09,H05,North,late_feed,low,69,32.7,0
Q039H06,2025-02-09,H06,Central,duplicate_key,high,33,40.8,0
Q039H07,2025-02-09,H07,South,missing_discharge,high,56,37.4,0
Q039H08,2025-02-09,H08,Urban,duplicate_key,medium,26,16.1,0
Q039H09,2025-02-09,H09,Mountain,duplicate_key,high,26,3.6,0
Q039H10,2025-02-09,H10,North,late_feed,high,62,18.8,0
Q039H11,2025-02-09,H11,Central,duplicate_key,low,17,20.5,1
Q039H12,2025-02-09,H12,South,late_feed,high,47,3.9,0
Q039H13,2025-02-09,H13,Urban,missing_discharge,medium,65,4.9,0
Q039H14,2025-02-09,H14,Mountain,late_feed,low,49,26.6,0
Q039H15,2025-02-09,H15,North,invalid_code,low,17,4.8,0
Q039H16,2025-02-09,H16,Central,invalid_code,low,53,2.8,0
Q039H17,2025-02-09,H17,South,duplicate_key,low,66,23.5,1
Q039H18,2025-02-09,H18,Urban,late_feed,medium,68,30.4,0
Q039H19,2025-02-09,H19,Mountain,invalid_code,low,43,29.8,0
Q039H20,2025-02-09,H20,North,late_feed,medium,72,22.8,0
Q042H01,2025-02-12,H01,Central,missing_discharge,high,63,8.2,0
Q042H02,2025-02-12,H02,South,late_feed,medium,57,24.2,0
Q042H03,2025-02-12,H03,Urban,invalid_code,high,28,29.8,0
Q042H04,2025-02-12,H04,Mountain,late_feed,low,23,28.3,0
Q042H05,2025-02-12,H05,North,missing_discharge,medium,71,34.5,0
Q042H06,2025-02-12,H06,Central,late_feed,high,60,31.4,0
Q042H07,2025-02-12,H07,South,late_feed,low,71,38.7,0
Q042H08,2025-02-12,H08,Urban,late_feed,medium,61,38.1,0
Q042H09,2025-02-12,H09,Mountain,missing_discharge,high,46,2.7,0
Q042H10,2025-02-12,H10,North,missing_discharge,medium,17,5.4,1
Q042H11,2025-02-12,H11,Central,late_feed,low,32,10.2,0
Q042H12,2025-02-12,H12,South,invalid_code,medium,47,20.6,0
Q042H13,2025-02-12,H13,Urban,missing_discharge,medium,32,35.0,0
Q042H14,2025-02-12,H14,Mountain,duplicate_key,high,28,30.0,1
Q042H15,2025-02-12,H15,North,invalid_code,medium,59,12.3,0
Q042H16,2025-02-12,H16,Central,duplicate_key,medium,33,13.3,0
Q042H17,2025-02-12,H17,South,late_feed,high,35,16.2,0
Q042H18,2025-02-12,H18,Urban,duplicate_key,low,41,31.2,1
Q042H19,2025-02-12,H19,Mountain,late_feed,medium,63,37.7,0
Q042H20,2025-02-12,H20,North,late_feed,medium,69,15.2,0
Q045H01,2025-02-15,H01,Central,invalid_code,low,65,16.9,0
Q045H02,2025-02-15,H02,South,invalid_code,high,48,25.1,0
Q045H03,2025-02-15,H03,Urban,missing_discharge,medium,11,7.0,1
Q045H04,2025-02-15,H04,Mountain,duplicate_key,high,32,7.2,1
Q045H05,2025-02-15,H05,North,late_feed,high,10,39.4,0
Q045H06,2025-02-15,H06,Central,invalid_code,low,5,26.2,0
Q045H07,2025-02-15,H07,South,missing_discharge,medium,73,3.7,1
Q045H08,2025-02-15,H08,Urban,late_feed,high,21,18.9,0
Q045H09,2025-02-15,H09,Mountain,missing_discharge,medium,29,26.0,0
Q045H10,2025-02-15,H10,North,missing_discharge,low,47,31.8,1
Q045H11,2025-02-15,H11,Central,duplicate_key,medium,13,28.6,1
Q045H12,2025-02-15,H12,South,late_feed,medium,24,3.3,0
Q045H13,2025-02-15,H13,Urban,missing_discharge,low,64,16.2,0
Q045H14,2025-02-15,H14,Mountain,late_feed,low,70,7.7,0
Q045H15,2025-02-15,H15,North,missing_discharge,high,12,14.4,0
Q045H16,2025-02-15,H16,Central,invalid_code,medium,30,4.5,0
Q045H17,2025-02-15,H17,South,missing_discharge,medium,66,3.0,1
Q045H18,2025-02-15,H18,Urban,missing_discharge,low,35,9.8,0
Q045H19,2025-02-15,H19,Mountain,missing_discharge,medium,49,2.1,1
Q045H20,2025-02-15,H20,North,invalid_code,medium,23,20.2,0
Q048H01,2025-02-18,H01,Central,invalid_code,medium,61,16.5,0
Q048H02,2025-02-18,H02,South,duplicate_key,low,63,11.2,1
Q048H03,2025-02-18,H03,Urban,missing_discharge,medium,29,11.6,0
Q048H04,2025-02-18,H04,Mountain,late_feed,high,26,37.8,0
Q048H05,2025-02-18,H05,North,duplicate_key,high,38,25.3,0
Q048H06,2025-02-18,H06,Central,invalid_code,high,74,36.3,0
Q048H07,2025-02-18,H07,South,late_feed,low,18,10.1,0
Q048H08,2025-02-18,H08,Urban,missing_discharge,low,10,25.7,0
Q048H09,2025-02-18,H09,Mountain,invalid_code,high,31,7.9,0
Q048H10,2025-02-18,H10,North,invalid_code,low,43,14.8,0
Q048H11,2025-02-18,H11,Central,duplicate_key,low,5,16.3,1
Q048H12,2025-02-18,H12,South,invalid_code,high,19,24.2,0
Q048H13,2025-02-18,H13,Urban,late_feed,low,53,21.3,0
Q048H14,2025-02-18,H14,Mountain,invalid_code,high,14,41.8,0
Q048H15,2025-02-18,H15,North,missing_discharge,high,5,5.5,0
Q048H16,2025-02-18,H16,Central,missing_discharge,medium,62,19.2,0
Q048H17,2025-02-18,H17,South,invalid_code,medium,9,36.2,0
Q048H18,2025-02-18,H18,Urban,invalid_code,low,55,7.8,0
Q048H19,2025-02-18,H19,Mountain,duplicate_key,high,13,10.5,0
Q048H20,2025-02-18,H20,North,late_feed,high,30,15.7,0
Q051H01,2025-02-21,H01,Central,missing_discharge,high,20,36.8,0
Q051H02,2025-02-21,H02,South,missing_discharge,high,44,39.7,0
Q051H03,2025-02-21,H03,Urban,late_feed,high,44,40.9,0
Q051H04,2025-02-21,H04,Mountain,invalid_code,medium,62,29.9,0
Q051H05,2025-02-21,H05,North,missing_discharge,high,70,31.0,0
Q051H06,2025-02-21,H06,Central,missing_discharge,low,40,15.1,0
Q051H07,2025-02-21,H07,South,missing_discharge,low,42,17.0,1
Q051H08,2025-02-21,H08,Urban,invalid_code,low,64,26.2,0
Q051H09,2025-02-21,H09,Mountain,missing_discharge,low,37,6.4,1
Q051H10,2025-02-21,H10,North,late_feed,high,65,31.8,0
Q051H11,2025-02-21,H11,Central,invalid_code,medium,28,9.4,0
Q051H12,2025-02-21,H12,South,missing_discharge,low,12,25.5,1
Q051H13,2025-02-21,H13,Urban,late_feed,low,40,18.8,0
Q051H14,2025-02-21,H14,Mountain,invalid_code,medium,56,30.7,0
Q051H15,2025-02-21,H15,North,invalid_code,low,69,32.8,0
Q051H16,2025-02-21,H16,Central,late_feed,medium,71,40.3,0
Q051H17,2025-02-21,H17,South,missing_discharge,low,63,24.6,1
Q051H18,2025-02-21,H18,Urban,duplicate_key,high,28,10.4,1
Q051H19,2025-02-21,H19,Mountain,late_feed,low,39,10.8,0
Q051H20,2025-02-21,H20,North,missing_discharge,medium,31,28.9,1
Q054H01,2025-02-24,H01,Central,duplicate_key,medium,53,36.7,0
Q054H02,2025-02-24,H02,South,duplicate_key,low,19,13.6,1
Q054H03,2025-02-24,H03,Urban,duplicate_key,medium,8,36.8,0
Q054H04,2025-02-24,H04,Mountain,late_feed,high,28,11.6,0
Q054H05,2025-02-24,H05,North,late_feed,high,41,35.9,0
Q054H06,2025-02-24,H06,Central,missing_discharge,medium,46,2.9,0
Q054H07,2025-02-24,H07,South,duplicate_key,low,59,37.6,1
Q054H08,2025-02-24,H08,Urban,duplicate_key,high,37,2.6,0
Q054H09,2025-02-24,H09,Mountain,missing_discharge,high,60,31.8,0
Q054H10,2025-02-24,H10,North,invalid_code,medium,5,12.3,0
Q054H11,2025-02-24,H11,Central,late_feed,low,52,10.9,0
Q054H12,2025-02-24,H12,South,missing_discharge,low,57,23.2,0
Q054H13,2025-02-24,H13,Urban,duplicate_key,medium,66,25.6,1
Q054H14,2025-02-24,H14,Mountain,late_feed,medium,70,20.3,0
Q054H15,2025-02-24,H15,North,late_feed,high,19,10.6,0
Q054H16,2025-02-24,H16,Central,late_feed,low,69,28.7,0
Q054H17,2025-02-24,H17,South,invalid_code,high,63,14.8,0
Q054H18,2025-02-24,H18,Urban,invalid_code,medium,45,21.0,0
Q054H19,2025-02-24,H19,Mountain,invalid_code,medium,24,15.5,0
Q054H20,2025-02-24,H20,North,duplicate_key,low,70,4.8,0
Q057H01,2025-02-27,H01,Central,late_feed,low,16,37.8,0
Q057H02,2025-02-27,H02,South,late_feed,high,43,19.6,0
Q057H03,2025-02-27,H03,Urban,duplicate_key,low,62,41.9,1
Q057H04,2025-02-27,H04,Mountain,late_feed,low,23,27.4,0
Q057H05,2025-02-27,H05,North,duplicate_key,low,23,29.7,1
Q057H06,2025-02-27,H06,Central,late_feed,low,68,38.8,0
Q057H07,2025-02-27,H07,South,missing_discharge,low,53,28.3,1
Q057H08,2025-02-27,H08,Urban,duplicate_key,high,50,2.3,0
Q057H09,2025-02-27,H09,Mountain,missing_discharge,high,28,25.6,0
Q057H10,2025-02-27,H10,North,missing_discharge,low,62,36.9,0
Q057H11,2025-02-27,H11,Central,duplicate_key,low,37,13.5,1
Q057H12,2025-02-27,H12,South,invalid_code,medium,29,7.4,0
Q057H13,2025-02-27,H13,Urban,missing_discharge,low,14,19.9,1
Q057H14,2025-02-27,H14,Mountain,missing_discharge,medium,62,41.9,0
Q057H15,2025-02-27,H15,North,missing_discharge,high,21,12.4,0
Q057H16,2025-02-27,H16,Central,duplicate_key,high,53,15.8,1
Q057H17,2025-02-27,H17,South,invalid_code,medium,48,14.1,0
Q057H18,2025-02-27,H18,Urban,invalid_code,low,10,17.4,0
Q057H19,2025-02-27,H19,Mountain,duplicate_key,low,40,35.8,0
Q057H20,2025-02-27,H20,North,late_feed,low,23,14.7,0
Q060H01,2025-03-02,H01,Central,missing_discharge,low,36,29.8,0
Q060H02,2025-03-02,H02,South,invalid_code,high,9,30.5,0
Q060H03,2025-03-02,H03,Urban,duplicate_key,medium,12,6.3,1
Q060H04,2025-03-02,H04,Mountain,invalid_code,low,14,7.7,0
Q060H05,2025-03-02,H05,North,invalid_code,low,9,13.1,0
Q060H06,2025-03-02,H06,Central,late_feed,high,47,32.3,0
Q060H07,2025-03-02,H07,South,duplicate_key,high,61,10.6,0
Q060H08,2025-03-02,H08,Urban,missing_discharge,medium,74,10.3,0
Q060H09,2025-03-02,H09,Mountain,late_feed,low,60,7.1,0
Q060H10,2025-03-02,H10,North,invalid_code,high,32,39.6,0
Q060H11,2025-03-02,H11,Central,missing_discharge,high,55,15.7,0
Q060H12,2025-03-02,H12,South,invalid_code,low,50,39.9,0
Q060H13,2025-03-02,H13,Urban,late_feed,low,26,19.1,0
Q060H14,2025-03-02,H14,Mountain,duplicate_key,high,25,7.5,1
Q060H15,2025-03-02,H15,North,duplicate_key,high,51,18.0,1
Q060H16,2025-03-02,H16,Central,duplicate_key,high,39,28.7,1
Q060H17,2025-03-02,H17,South,missing_discharge,low,14,29.4,1
Q060H18,2025-03-02,H18,Urban,late_feed,medium,38,10.8,0
Q060H19,2025-03-02,H19,Mountain,late_feed,low,66,41.4,0
Q060H20,2025-03-02,H20,North,late_feed,medium,24,2.7,0
Q063H01,2025-03-05,H01,Central,missing_discharge,medium,4,5.3,0
Q063H02,2025-03-05,H02,South,invalid_code,low,19,9.5,0
Q063H03,2025-03-05,H03,Urban,missing_discharge,high,69,26.7,1
Q063H04,2025-03-05,H04,Mountain,invalid_code,high,68,18.5,0
Q063H05,2025-03-05,H05,North,invalid_code,high,4,36.1,0
Q063H06,2025-03-05,H06,Central,invalid_code,high,25,17.9,0
Q063H07,2025-03-05,H07,South,missing_discharge,medium,20,11.9,0
Q063H08,2025-03-05,H08,Urban,invalid_code,medium,62,38.8,0
Q063H09,2025-03-05,H09,Mountain,duplicate_key,low,42,20.3,0
Q063H10,2025-03-05,H10,North,late_feed,high,14,36.9,0
Q063H11,2025-03-05,H11,Central,late_feed,medium,63,30.6,0
Q063H12,2025-03-05,H12,South,late_feed,medium,16,23.5,0
Q063H13,2025-03-05,H13,Urban,missing_discharge,medium,65,30.8,0
Q063H14,2025-03-05,H14,Mountain,late_feed,low,29,15.3,0
Q063H15,2025-03-05,H15,North,late_feed,high,26,20.1,0
Q063H16,2025-03-05,H16,Central,invalid_code,low,44,11.2,0
Q063H17,2025-03-05,H17,South,invalid_code,low,19,40.1,0
Q063H18,2025-03-05,H18,Urban,late_feed,low,31,22.6,0
Q063H19,2025-03-05,H19,Mountain,late_feed,high,48,5.6,0
Q063H20,2025-03-05,H20,North,invalid_code,low,38,28.4,0
Q066H01,2025-03-08,H01,Central,late_feed,low,58,38.9,0
Q066H02,2025-03-08,H02,South,duplicate_key,high,41,40.3,1
Q066H03,2025-03-08,H03,Urban,missing_discharge,high,24,20.5,0
Q066H04,2025-03-08,H04,Mountain,invalid_code,low,50,23.4,0
Q066H05,2025-03-08,H05,North,invalid_code,low,61,15.3,0
Q066H06,2025-03-08,H06,Central,missing_discharge,high,62,21.4,1
Q066H07,2025-03-08,H07,South,invalid_code,low,69,38.7,0
Q066H08,2025-03-08,H08,Urban,invalid_code,medium,50,33.5,0
Q066H09,2025-03-08,H09,Mountain,invalid_code,high,74,29.9,0
Q066H10,2025-03-08,H10,North,late_feed,low,15,26.8,0
Q066H11,2025-03-08,H11,Central,missing_discharge,medium,18,14.3,0
Q066H12,2025-03-08,H12,South,missing_discharge,medium,41,19.3,0
Q066H13,2025-03-08,H13,Urban,duplicate_key,medium,54,40.3,0
Q066H14,2025-03-08,H14,Mountain,invalid_code,medium,27,9.2,0
Q066H15,2025-03-08,H15,North,invalid_code,medium,66,7.3,0
Q066H16,2025-03-08,H16,Central,late_feed,medium,64,20.5,0
Q066H17,2025-03-08,H17,South,invalid_code,low,65,26.5,0
Q066H18,2025-03-08,H18,Urban,duplicate_key,low,40,37.6,1
Q066H19,2025-03-08,H19,Mountain,duplicate_key,high,27,3.8,0
Q066H20,2025-03-08,H20,North,late_feed,low,23,4.1,0
Q069H01,2025-03-11,H01,Central,missing_discharge,low,38,35.7,1
Q069H02,2025-03-11,H02,South,duplicate_key,medium,41,16.4,0
Q069H03,2025-03-11,H03,Urban,duplicate_key,high,30,28.0,0
Q069H04,2025-03-11,H04,Mountain,duplicate_key,low,64,28.9,0
Q069H05,2025-03-11,H05,North,late_feed,high,21,23.7,0
Q069H06,2025-03-11,H06,Central,invalid_code,high,70,22.9,0
Q069H07,2025-03-11,H07,South,duplicate_key,low,32,26.1,0
Q069H08,2025-03-11,H08,Urban,invalid_code,medium,9,22.5,0
Q069H09,2025-03-11,H09,Mountain,late_feed,medium,74,24.6,0
Q069H10,2025-03-11,H10,North,duplicate_key,medium,69,15.3,1
Q069H11,2025-03-11,H11,Central,invalid_code,low,14,3.8,0
Q069H12,2025-03-11,H12,South,late_feed,medium,14,8.8,0
Q069H13,2025-03-11,H13,Urban,invalid_code,low,26,23.8,0
Q069H14,2025-03-11,H14,Mountain,late_feed,low,14,35.2,0
Q069H15,2025-03-11,H15,North,missing_discharge,high,13,22.1,1
Q069H16,2025-03-11,H16,Central,missing_discharge,high,61,7.9,0
Q069H17,2025-03-11,H17,South,missing_discharge,medium,5,23.6,1
Q069H18,2025-03-11,H18,Urban,missing_discharge,low,34,21.3,0
Q069H19,2025-03-11,H19,Mountain,late_feed,medium,49,39.2,0
Q069H20,2025-03-11,H20,North,missing_discharge,high,7,20.8,1
Q072H01,2025-03-14,H01,Central,invalid_code,low,36,29.3,0
Q072H02,2025-03-14,H02,South,late_feed,low,12,37.8,0
Q072H03,2025-03-14,H03,Urban,duplicate_key,low,54,6.3,1
Q072H04,2025-03-14,H04,Mountain,missing_discharge,low,45,18.3,0
Q072H05,2025-03-14,H05,North,missing_discharge,low,66,7.4,0
Q072H06,2025-03-14,H06,Central,missing_discharge,high,33,36.9,1
Q072H07,2025-03-14,H07,South,invalid_code,medium,15,23.8,0
Q072H08,2025-03-14,H08,Urban,duplicate_key,high,64,31.1,0
Q072H09,2025-03-14,H09,Mountain,late_feed,low,26,18.4,0
Q072H10,2025-03-14,H10,North,late_feed,high,68,22.1,0
Q072H11,2025-03-14,H11,Central,duplicate_key,medium,72,26.1,1
Q072H12,2025-03-14,H12,South,late_feed,medium,25,13.6,0
Q072H13,2025-03-14,H13,Urban,duplicate_key,high,68,23.7,1
Q072H14,2025-03-14,H14,Mountain,missing_discharge,low,27,35.3,0
Q072H15,2025-03-14,H15,North,late_feed,low,42,21.9,0
Q072H16,2025-03-14,H16,Central,late_feed,low,54,31.1,0
Q072H17,2025-03-14,H17,South,invalid_code,high,40,2.0,0
Q072H18,2025-03-14,H18,Urban,invalid_code,high,65,27.2,0
Q072H19,2025-03-14,H19,Mountain,duplicate_key,high,40,19.0,1
Q072H20,2025-03-14,H20,North,invalid_code,medium,67,31.2,0
Q075H01,2025-03-17,H01,Central,duplicate_key,low,7,28.2,1
Q075H02,2025-03-17,H02,South,duplicate_key,medium,37,3.5,0
Q075H03,2025-03-17,H03,Urban,late_feed,high,51,13.3,0
Q075H04,2025-03-17,H04,Mountain,late_feed,high,44,9.0,0
Q075H05,2025-03-17,H05,North,invalid_code,medium,49,20.2,0
Q075H06,2025-03-17,H06,Central,invalid_code,high,17,18.5,0
Q075H07,2025-03-17,H07,South,missing_discharge,high,10,33.8,1
Q075H08,2025-03-17,H08,Urban,duplicate_key,high,21,5.0,0
Q075H09,2025-03-17,H09,Mountain,late_feed,medium,67,15.5,0
Q075H10,2025-03-17,H10,North,late_feed,low,41,6.9,0
Q075H11,2025-03-17,H11,Central,duplicate_key,high,27,26.6,0
Q075H12,2025-03-17,H12,South,invalid_code,high,7,4.6,0
Q075H13,2025-03-17,H13,Urban,invalid_code,high,37,7.7,0
Q075H14,2025-03-17,H14,Mountain,late_feed,high,60,2.7,0
Q075H15,2025-03-17,H15,North,missing_discharge,high,19,15.1,1
Q075H16,2025-03-17,H16,Central,invalid_code,high,20,21.8,0
Q075H17,2025-03-17,H17,South,missing_discharge,medium,35,24.5,1
Q075H18,2025-03-17,H18,Urban,missing_discharge,low,60,2.4,1
Q075H19,2025-03-17,H19,Mountain,late_feed,medium,27,27.5,0
Q075H20,2025-03-17,H20,North,late_feed,low,46,14.0,0
Q078H01,2025-03-20,H01,Central,invalid_code,high,52,21.3,0
Q078H02,2025-03-20,H02,South,duplicate_key,medium,12,27.4,0
Q078H03,2025-03-20,H03,Urban,late_feed,medium,28,2.2,0
Q078H04,2025-03-20,H04,Mountain,invalid_code,low,69,19.2,0
Q078H05,2025-03-20,H05,North,duplicate_key,low,15,19.4,1
Q078H06,2025-03-20,H06,Central,late_feed,medium,27,22.8,0
Q078H07,2025-03-20,H07,South,missing_discharge,low,13,9.5,0
Q078H08,2025-03-20,H08,Urban,duplicate_key,low,59,6.7,1
Q078H09,2025-03-20,H09,Mountain,late_feed,low,35,4.7,0
Q078H10,2025-03-20,H10,North,missing_discharge,low,21,3.3,1
Q078H11,2025-03-20,H11,Central,duplicate_key,high,74,18.1,0
Q078H12,2025-03-20,H12,South,invalid_code,medium,13,38.2,0
Q078H13,2025-03-20,H13,Urban,invalid_code,low,17,29.0,0
Q078H14,2025-03-20,H14,Mountain,late_feed,medium,51,12.5,0
Q078H15,2025-03-20,H15,North,duplicate_key,high,73,6.9,1
Q078H16,2025-03-20,H16,Central,missing_discharge,high,28,2.6,0
Q078H17,2025-03-20,H17,South,missing_discharge,medium,25,18.5,0
Q078H18,2025-03-20,H18,Urban,duplicate_key,high,73,38.5,0
Q078H19,2025-03-20,H19,Mountain,invalid_code,medium,57,12.7,0
Q078H20,2025-03-20,H20,North,missing_discharge,medium,52,5.2,0
Q081H01,2025-03-23,H01,Central,duplicate_key,low,5,34.7,0
Q081H02,2025-03-23,H02,South,invalid_code,medium,18,37.7,0
Q081H03,2025-03-23,H03,Urban,late_feed,high,22,12.6,0
Q081H04,2025-03-23,H04,Mountain,invalid_code,high,44,5.6,0
Q081H05,2025-03-23,H05,North,late_feed,medium,12,29.6,0
Q081H06,2025-03-23,H06,Central,missing_discharge,high,14,23.6,1
Q081H07,2025-03-23,H07,South,late_feed,high,74,35.6,0
Q081H08,2025-03-23,H08,Urban,duplicate_key,high,40,28.2,1
Q081H09,2025-03-23,H09,Mountain,duplicate_key,high,40,25.4,1
Q081H10,2025-03-23,H10,North,late_feed,low,5,32.0,0
Q081H11,2025-03-23,H11,Central,late_feed,low,4,29.2,0
Q081H12,2025-03-23,H12,South,duplicate_key,low,13,29.1,1
Q081H13,2025-03-23,H13,Urban,invalid_code,medium,30,18.7,0
Q081H14,2025-03-23,H14,Mountain,missing_discharge,medium,69,3.0,0
Q081H15,2025-03-23,H15,North,invalid_code,medium,20,35.4,0
Q081H16,2025-03-23,H16,Central,duplicate_key,high,6,3.4,0
Q081H17,2025-03-23,H17,South,duplicate_key,high,33,18.8,1
Q081H18,2025-03-23,H18,Urban,duplicate_key,low,40,25.1,1
Q081H19,2025-03-23,H19,Mountain,missing_discharge,high,17,35.5,0
Q081H20,2025-03-23,H20,North,missing_discharge,low,31,40.8,1
Q084H01,2025-03-26,H01,Central,invalid_code,low,17,12.7,0
Q084H02,2025-03-26,H02,South,invalid_code,medium,74,6.5,0
Q084H03,2025-03-26,H03,Urban,missing_discharge,medium,28,28.3,0
Q084H04,2025-03-26,H04,Mountain,late_feed,high,17,37.4,0
Q084H05,2025-03-26,H05,North,missing_discharge,medium,50,31.3,1
Q084H06,2025-03-26,H06,Central,late_feed,low,59,37.9,0
Q084H07,2025-03-26,H07,South,duplicate_key,low,25,18.4,0
Q084H08,2025-03-26,H08,Urban,missing_discharge,medium,29,25.8,1
Q084H09,2025-03-26,H09,Mountain,duplicate_key,low,46,12.4,0
Q084H10,2025-03-26,H10,North,invalid_code,medium,74,6.5,0
Q084H11,2025-03-26,H11,Central,late_feed,low,65,35.1,0
Q084H12,2025-03-26,H12,South,late_feed,low,17,17.1,0
Q084H13,2025-03-26,H13,Urban,invalid_code,high,65,39.0,0
Q084H14,2025-03-26,H14,Mountain,late_feed,low,59,38.3,0
Q084H15,2025-03-26,H15,North,missing_discharge,high,37,27.6,0
Q084H16,2025-03-26,H16,Central,missing_discharge,high,26,8.0,1
Q084H17,2025-03-26,H17,South,invalid_code,high,71,34.2,0
Q084H18,2025-03-26,H18,Urban,invalid_code,low,13,7.5,0
Q084H19,2025-03-26,H19,Mountain,duplicate_key,medium,46,8.7,0
Q084H20,2025-03-26,H20,North,duplicate_key,low,25,29.6,0
Q087H01,2025-03-29,H01,Central,duplicate_key,high,41,17.0,1
Q087H02,2025-03-29,H02,South,late_feed,low,74,31.0,0
Q087H03,2025-03-29,H03,Urban,late_feed,medium,24,32.7,0
Q087H04,2025-03-29,H04,Mountain,missing_discharge,low,34,41.0,0
Q087H05,2025-03-29,H05,North,missing_discharge,medium,29,23.6,1
Q087H06,2025-03-29,H06,Central,duplicate_key,low,57,16.0,0
Q087H07,2025-03-29,H07,South,missing_discharge,high,69,19.9,1
Q087H08,2025-03-29,H08,Urban,invalid_code,low,44,31.9,0
Q087H09,2025-03-29,H09,Mountain,duplicate_key,low,27,9.5,1
Q087H10,2025-03-29,H10,North,late_feed,low,35,19.3,0
Q087H11,2025-03-29,H11,Central,duplicate_key,low,23,2.2,0
Q087H12,2025-03-29,H12,South,duplicate_key,high,25,22.8,1
Q087H13,2025-03-29,H13,Urban,invalid_code,medium,20,8.2,0
Q087H14,2025-03-29,H14,Mountain,invalid_code,medium,56,18.8,0
Q087H15,2025-03-29,H15,North,duplicate_key,low,10,22.1,1
Q087H16,2025-03-29,H16,Central,missing_discharge,medium,52,12.8,0
Q087H17,2025-03-29,H17,South,late_feed,low,28,7.6,0
Q087H18,2025-03-29,H18,Urban,late_feed,high,15,40.8,0
Q087H19,2025-03-29,H19,Mountain,late_feed,high,56,15.9,0
Q087H20,2025-03-29,H20,North,invalid_code,low,7,13.5,0
Q090H01,2025-04-01,H01,Central,duplicate_key,medium,71,22.6,1
Q090H02,2025-04-01,H02,South,invalid_code,low,57,36.4,0
Q090H03,2025-04-01,H03,Urban,missing_discharge,high,12,8.1,0
Q090H04,2025-04-01,H04,Mountain,late_feed,medium,26,21.2,0
Q090H05,2025-04-01,H05,North,duplicate_key,low,43,21.2,0
Q090H06,2025-04-01,H06,Central,invalid_code,high,69,8.4,0
Q090H07,2025-04-01,H07,South,invalid_code,high,9,24.0,0
Q090H08,2025-04-01,H08,Urban,duplicate_key,medium,49,27.4,1
Q090H09,2025-04-01,H09,Mountain,missing_discharge,low,6,19.3,0
Q090H10,2025-04-01,H10,North,duplicate_key,low,23,22.1,0
Q090H11,2025-04-01,H11,Central,duplicate_key,low,25,16.4,1
Q090H12,2025-04-01,H12,South,missing_discharge,low,17,17.3,0
Q090H13,2025-04-01,H13,Urban,duplicate_key,low,55,27.2,0
Q090H14,2025-04-01,H14,Mountain,duplicate_key,low,19,27.4,0
Q090H15,2025-04-01,H15,North,invalid_code,high,35,24.2,0
Q090H16,2025-04-01,H16,Central,duplicate_key,low,19,24.2,0
Q090H17,2025-04-01,H17,South,late_feed,low,73,38.8,0
Q090H18,2025-04-01,H18,Urban,missing_discharge,medium,13,18.3,1
Q090H19,2025-04-01,H19,Mountain,late_feed,medium,22,16.7,0
Q090H20,2025-04-01,H20,North,late_feed,medium,32,12.4,0
Q093H01,2025-04-04,H01,Central,late_feed,low,31,24.7,0
Q093H02,2025-04-04,H02,South,duplicate_key,high,29,38.3,1
Q093H03,2025-04-04,H03,Urban,duplicate_key,low,17,18.1,0
Q093H04,2025-04-04,H04,Mountain,duplicate_key,low,26,13.6,0
Q093H05,2025-04-04,H05,North,duplicate_key,low,14,28.2,0
Q093H06,2025-04-04,H06,Central,duplicate_key,high,7,20.9,0
Q093H07,2025-04-04,H07,South,duplicate_key,high,30,23.6,1
Q093H08,2025-04-04,H08,Urban,duplicate_key,high,9,31.9,0
Q093H09,2025-04-04,H09,Mountain,missing_discharge,high,55,18.9,0
Q093H10,2025-04-04,H10,North,duplicate_key,medium,73,12.7,0
Q093H11,2025-04-04,H11,Central,invalid_code,medium,65,38.4,0
Q093H12,2025-04-04,H12,South,late_feed,high,58,9.3,0
Q093H13,2025-04-04,H13,Urban,invalid_code,medium,74,17.1,0
Q093H14,2025-04-04,H14,Mountain,late_feed,low,4,10.4,0
Q093H15,2025-04-04,H15,North,duplicate_key,low,17,39.1,0
Q093H16,2025-04-04,H16,Central,invalid_code,high,28,5.0,0
Q093H17,2025-04-04,H17,South,duplicate_key,medium,5,4.7,0
Q093H18,2025-04-04,H18,Urban,duplicate_key,high,30,30.7,1
Q093H19,2025-04-04,H19,Mountain,invalid_code,high,65,33.4,0
Q093H20,2025-04-04,H20,North,duplicate_key,low,4,30.6,1
Q096H01,2025-04-07,H01,Central,duplicate_key,low,13,19.3,1
Q096H02,2025-04-07,H02,South,duplicate_key,low,55,2.6,1
Q096H03,2025-04-07,H03,Urban,duplicate_key,medium,23,40.2,0
Q096H04,2025-04-07,H04,Mountain,invalid_code,low,35,5.4,0
Q096H05,2025-04-07,H05,North,missing_discharge,high,22,41.7,1
Q096H06,2025-04-07,H06,Central,missing_discharge,medium,29,10.8,1
Q096H07,2025-04-07,H07,South,invalid_code,low,28,34.1,0
Q096H08,2025-04-07,H08,Urban,invalid_code,high,63,25.5,0
Q096H09,2025-04-07,H09,Mountain,late_feed,high,47,7.6,0
Q096H10,2025-04-07,H10,North,missing_discharge,high,52,41.8,1
Q096H11,2025-04-07,H11,Central,invalid_code,high,54,13.8,0
Q096H12,2025-04-07,H12,South,duplicate_key,medium,59,41.0,0
Q096H13,2025-04-07,H13,Urban,late_feed,high,74,31.1,0
Q096H14,2025-04-07,H14,Mountain,missing_discharge,high,65,30.4,1
Q096H15,2025-04-07,H15,North,missing_discharge,high,27,14.9,0
Q096H16,2025-04-07,H16,Central,missing_discharge,medium,50,27.9,0
Q096H17,2025-04-07,H17,South,invalid_code,low,60,13.5,0
Q096H18,2025-04-07,H18,Urban,duplicate_key,high,51,33.9,0
Q096H19,2025-04-07,H19,Mountain,late_feed,high,73,3.3,0
Q096H20,2025-04-07,H20,North,invalid_code,high,62,27.1,0
Q099H01,2025-04-10,H01,Central,invalid_code,low,70,4.0,0
Q099H02,2025-04-10,H02,South,duplicate_key,medium,47,41.0,0
Q099H03,2025-04-10,H03,Urban,duplicate_key,low,35,26.9,0
Q099H04,2025-04-10,H04,Mountain,missing_discharge,high,41,31.4,0
Q099H05,2025-04-10,H05,North,invalid_code,medium,56,13.8,0
Q099H06,2025-04-10,H06,Central,duplicate_key,high,19,23.6,1
Q099H07,2025-04-10,H07,South,invalid_code,low,37,31.7,0
Q099H08,2025-04-10,H08,Urban,late_feed,high,62,7.0,0
Q099H09,2025-04-10,H09,Mountain,duplicate_key,medium,36,11.8,0
Q099H10,2025-04-10,H10,North,missing_discharge,medium,55,3.8,0
Q099H11,2025-04-10,H11,Central,late_feed,high,22,38.1,0
Q099H12,2025-04-10,H12,South,invalid_code,medium,20,18.7,0
Q099H13,2025-04-10,H13,Urban,missing_discharge,high,28,14.3,0
Q099H14,2025-04-10,H14,Mountain,missing_discharge,high,12,17.0,1
Q099H15,2025-04-10,H15,North,invalid_code,medium,23,4.7,0
Q099H16,2025-04-10,H16,Central,missing_discharge,medium,70,23.5,0
Q099H17,2025-04-10,H17,South,missing_discharge,high,16,10.8,0
Q099H18,2025-04-10,H18,Urban,missing_discharge,high,56,19.0,1
Q099H19,2025-04-10,H19,Mountain,missing_discharge,low,21,2.3,0
Q099H20,2025-04-10,H20,North,duplicate_key,medium,64,38.5,1
Q102H01,2025-04-13,H01,Central,duplicate_key,low,39,13.1,0
Q102H02,2025-04-13,H02,South,invalid_code,low,15,12.6,0
Q102H03,2025-04-13,H03,Urban,missing_discharge,high,10,12.0,0
Q102H04,2025-04-13,H04,Mountain,late_feed,high,55,41.9,0
Q102H05,2025-04-13,H05,North,duplicate_key,medium,60,30.3,1
Q102H06,2025-04-13,H06,Central,duplicate_key,high,14,9.3,0
Q102H07,2025-04-13,H07,South,late_feed,high,29,5.4,0
Q102H08,2025-04-13,H08,Urban,duplicate_key,medium,8,25.7,0
Q102H09,2025-04-13,H09,Mountain,late_feed,low,35,33.9,0
Q102H10,2025-04-13,H10,North,duplicate_key,medium,23,3.3,1
Q102H11,2025-04-13,H11,Central,duplicate_key,low,10,7.3,0
Q102H12,2025-04-13,H12,South,duplicate_key,high,54,13.3,1
Q102H13,2025-04-13,H13,Urban,missing_discharge,low,46,18.5,0
Q102H14,2025-04-13,H14,Mountain,invalid_code,low,59,6.0,0
Q102H15,2025-04-13,H15,North,late_feed,low,23,34.2,0
Q102H16,2025-04-13,H16,Central,missing_discharge,medium,21,31.5,1
Q102H17,2025-04-13,H17,South,missing_discharge,low,72,28.2,0
Q102H18,2025-04-13,H18,Urban,late_feed,high,74,32.0,0
Q102H19,2025-04-13,H19,Mountain,duplicate_key,high,29,39.7,1
Q102H20,2025-04-13,H20,North,invalid_code,medium,66,34.4,0
Q105H01,2025-04-16,H01,Central,duplicate_key,high,59,11.3,1
Q105H02,2025-04-16,H02,South,invalid_code,low,63,11.6,0
Q105H03,2025-04-16,H03,Urban,missing_discharge,high,27,23.1,0
Q105H04,2025-04-16,H04,Mountain,late_feed,high,55,17.1,0
Q105H05,2025-04-16,H05,North,invalid_code,low,68,3.8,0
Q105H06,2025-04-16,H06,Central,duplicate_key,high,16,12.3,0
Q105H07,2025-04-16,H07,South,invalid_code,low,55,14.0,0
Q105H08,2025-04-16,H08,Urban,invalid_code,high,55,35.5,0
Q105H09,2025-04-16,H09,Mountain,missing_discharge,medium,25,24.8,1
Q105H10,2025-04-16,H10,North,late_feed,medium,33,2.9,0
Q105H11,2025-04-16,H11,Central,duplicate_key,low,72,2.2,1
Q105H12,2025-04-16,H12,South,duplicate_key,low,57,41.7,0
Q105H13,2025-04-16,H13,Urban,missing_discharge,low,27,21.6,0
Q105H14,2025-04-16,H14,Mountain,invalid_code,medium,23,4.1,0
Q105H15,2025-04-16,H15,North,duplicate_key,medium,33,25.7,1
Q105H16,2025-04-16,H16,Central,missing_discharge,high,46,5.2,1
Q105H17,2025-04-16,H17,South,duplicate_key,medium,64,19.3,1
Q105H18,2025-04-16,H18,Urban,invalid_code,high,10,34.8,0
Q105H19,2025-04-16,H19,Mountain,invalid_code,high,57,36.4,0
Q105H20,2025-04-16,H20,North,late_feed,low,13,2.1,0
Q108H01,2025-04-19,H01,Central,late_feed,low,11,3.6,0
Q108H02,2025-04-19,H02,South,invalid_code,low,63,7.3,0
Q108H03,2025-04-19,H03,Urban,late_feed,high,49,10.1,0
Q108H04,2025-04-19,H04,Mountain,invalid_code,low,30,6.2,0
Q108H05,2025-04-19,H05,North,duplicate_key,high,13,37.6,0
Q108H06,2025-04-19,H06,Central,duplicate_key,low,15,28.7,0
Q108H07,2025-04-19,H07,South,missing_discharge,low,26,37.8,0
Q108H08,2025-04-19,H08,Urban,missing_discharge,high,62,27.7,1
Q108H09,2025-04-19,H09,Mountain,duplicate_key,high,20,21.2,1
Q108H10,2025-04-19,H10,North,missing_discharge,medium,23,3.7,0
Q108H11,2025-04-19,H11,Central,duplicate_key,high,9,16.0,0
Q108H12,2025-04-19,H12,South,invalid_code,medium,68,24.1,0
Q108H13,2025-04-19,H13,Urban,duplicate_key,low,24,14.7,1
Q108H14,2025-04-19,H14,Mountain,missing_discharge,medium,45,40.5,0
Q108H15,2025-04-19,H15,North,invalid_code,low,24,25.7,0
Q108H16,2025-04-19,H16,Central,duplicate_key,low,37,6.4,0
Q108H17,2025-04-19,H17,South,invalid_code,high,56,38.6,0
Q108H18,2025-04-19,H18,Urban,duplicate_key,medium,41,17.6,0
Q108H19,2025-04-19,H19,Mountain,missing_discharge,high,26,14.7,1
Q108H20,2025-04-19,H20,North,duplicate_key,high,49,33.9,1
Q111H01,2025-04-22,H01,Central,duplicate_key,low,26,13.5,0
Q111H02,2025-04-22,H02,South,late_feed,low,24,19.4,0
Q111H03,2025-04-22,H03,Urban,duplicate_key,high,53,37.7,0
Q111H04,2025-04-22,H04,Mountain,missing_discharge,low,55,14.9,0
Q111H05,2025-04-22,H05,North,duplicate_key,medium,65,16.7,0
Q111H06,2025-04-22,H06,Central,missing_discharge,medium,42,5.9,0
Q111H07,2025-04-22,H07,South,duplicate_key,low,16,37.7,1
Q111H08,2025-04-22,H08,Urban,duplicate_key,high,16,20.2,0
Q111H09,2025-04-22,H09,Mountain,invalid_code,low,24,23.6,0
Q111H10,2025-04-22,H10,North,invalid_code,medium,67,39.8,0
Q111H11,2025-04-22,H11,Central,missing_discharge,low,46,18.9,0
Q111H12,2025-04-22,H12,South,invalid_code,high,23,19.3,0
Q111H13,2025-04-22,H13,Urban,invalid_code,medium,10,22.7,0
Q111H14,2025-04-22,H14,Mountain,invalid_code,medium,24,28.7,0
Q111H15,2025-04-22,H15,North,invalid_code,medium,31,19.2,0
Q111H16,2025-04-22,H16,Central,invalid_code,low,63,5.2,0
Q111H17,2025-04-22,H17,South,missing_discharge,medium,4,35.0,1
Q111H18,2025-04-22,H18,Urban,missing_discharge,high,21,13.9,1
Q111H19,2025-04-22,H19,Mountain,missing_discharge,high,51,34.0,1
Q111H20,2025-04-22,H20,North,late_feed,high,69,8.5,0
Q114H01,2025-04-25,H01,Central,invalid_code,high,66,15.7,0
Q114H02,2025-04-25,H02,South,duplicate_key,high,26,19.6,0
Q114H03,2025-04-25,H03,Urban,missing_discharge,medium,14,23.5,1
Q114H04,2025-04-25,H04,Mountain,late_feed,medium,63,9.5,0
Q114H05,2025-04-25,H05,North,invalid_code,low,40,35.6,0
Q114H06,2025-04-25,H06,Central,late_feed,low,32,6.7,0
Q114H07,2025-04-25,H07,South,duplicate_key,medium,73,34.3,0
Q114H08,2025-04-25,H08,Urban,missing_discharge,high,56,18.2,1
Q114H09,2025-04-25,H09,Mountain,missing_discharge,high,33,25.6,1
Q114H10,2025-04-25,H10,North,duplicate_key,medium,22,2.8,1
Q114H11,2025-04-25,H11,Central,invalid_code,low,17,27.1,0
Q114H12,2025-04-25,H12,South,missing_discharge,medium,51,11.5,1
Q114H13,2025-04-25,H13,Urban,invalid_code,low,12,22.0,0
Q114H14,2025-04-25,H14,Mountain,invalid_code,medium,40,31.5,0
Q114H15,2025-04-25,H15,North,duplicate_key,medium,40,12.4,1
Q114H16,2025-04-25,H16,Central,invalid_code,low,30,19.4,0
Q114H17,2025-04-25,H17,South,invalid_code,low,18,20.4,0
Q114H18,2025-04-25,H18,Urban,duplicate_key,low,18,29.6,1
Q114H19,2025-04-25,H19,Mountain,missing_discharge,medium,43,16.1,1
Q114H20,2025-04-25,H20,North,duplicate_key,low,63,20.1,0
Q117H01,2025-04-28,H01,Central,invalid_code,high,71,24.6,0
Q117H02,2025-04-28,H02,South,late_feed,medium,30,8.6,0
Q117H03,2025-04-28,H03,Urban,invalid_code,high,5,3.6,0
Q117H04,2025-04-28,H04,Mountain,duplicate_key,high,16,4.0,0
Q117H05,2025-04-28,H05,North,late_feed,medium,16,21.2,0
Q117H06,2025-04-28,H06,Central,duplicate_key,high,10,35.8,1
Q117H07,2025-04-28,H07,South,duplicate_key,medium,31,5.7,0
Q117H08,2025-04-28,H08,Urban,missing_discharge,low,73,17.6,1
Q117H09,2025-04-28,H09,Mountain,duplicate_key,low,52,34.6,0
Q117H10,2025-04-28,H10,North,invalid_code,medium,50,9.0,0
Q117H11,2025-04-28,H11,Central,late_feed,medium,55,25.6,0
Q117H12,2025-04-28,H12,South,missing_discharge,low,15,23.3,0
Q117H13,2025-04-28,H13,Urban,missing_discharge,low,20,25.0,0
Q117H14,2025-04-28,H14,Mountain,invalid_code,medium,4,40.8,0
Q117H15,2025-04-28,H15,North,late_feed,low,5,18.9,0
Q117H16,2025-04-28,H16,Central,missing_discharge,high,9,38.2,0
Q117H17,2025-04-28,H17,South,duplicate_key,medium,43,13.7,0
Q117H18,2025-04-28,H18,Urban,late_feed,low,36,5.1,0
Q117H19,2025-04-28,H19,Mountain,invalid_code,high,13,11.2,0
Q117H20,2025-04-28,H20,North,duplicate_key,medium,51,37.3,0
Q120H01,2025-05-01,H01,Central,duplicate_key,low,70,5.2,1
Q120H02,2025-05-01,H02,South,missing_discharge,medium,25,24.5,1
Q120H03,2025-05-01,H03,Urban,late_feed,high,59,30.5,0
Q120H04,2025-05-01,H04,Mountain,late_feed,medium,22,16.0,0
Q120H05,2025-05-01,H05,North,missing_discharge,medium,49,32.2,0
Q120H06,2025-05-01,H06,Central,late_feed,medium,40,28.7,0
Q120H07,2025-05-01,H07,South,duplicate_key,low,45,23.1,0
Q120H08,2025-05-01,H08,Urban,late_feed,medium,35,12.9,0
Q120H09,2025-05-01,H09,Mountain,invalid_code,low,27,11.3,0
Q120H10,2025-05-01,H10,North,late_feed,low,12,2.8,0
Q120H11,2025-05-01,H11,Central,duplicate_key,high,59,13.8,1
Q120H12,2025-05-01,H12,South,late_feed,high,8,37.4,0
Q120H13,2025-05-01,H13,Urban,missing_discharge,low,12,9.5,0
Q120H14,2025-05-01,H14,Mountain,late_feed,medium,33,20.7,0
Q120H15,2025-05-01,H15,North,missing_discharge,high,65,40.3,1
Q120H16,2025-05-01,H16,Central,invalid_code,low,51,3.7,0
Q120H17,2025-05-01,H17,South,late_feed,low,34,41.7,0
Q120H18,2025-05-01,H18,Urban,duplicate_key,medium,63,38.2,0
Q120H19,2025-05-01,H19,Mountain,late_feed,low,70,24.0,0
Q120H20,2025-05-01,H20,North,invalid_code,medium,58,11.7,0
Q123H01,2025-05-04,H01,Central,missing_discharge,low,50,6.6,1
Q123H02,2025-05-04,H02,South,duplicate_key,low,65,38.4,1
Q123H03,2025-05-04,H03,Urban,late_feed,medium,18,28.5,0
Q123H04,2025-05-04,H04,Mountain,late_feed,high,27,31.8,0
Q123H05,2025-05-04,H05,North,invalid_code,medium,16,6.1,0
Q123H06,2025-05-04,H06,Central,invalid_code,high,51,3.2,0
Q123H07,2025-05-04,H07,South,missing_discharge,high,18,37.6,1
Q123H08,2025-05-04,H08,Urban,duplicate_key,low,73,10.5,1
Q123H09,2025-05-04,H09,Mountain,duplicate_key,high,21,20.2,0
Q123H10,2025-05-04,H10,North,duplicate_key,medium,72,27.4,1
Q123H11,2025-05-04,H11,Central,invalid_code,medium,51,33.5,0
Q123H12,2025-05-04,H12,South,invalid_code,low,14,19.4,0
Q123H13,2025-05-04,H13,Urban,invalid_code,high,41,28.5,0
Q123H14,2025-05-04,H14,Mountain,late_feed,low,62,39.1,0
Q123H15,2025-05-04,H15,North,missing_discharge,high,42,2.3,0
Q123H16,2025-05-04,H16,Central,invalid_code,medium,32,11.3,0
Q123H17,2025-05-04,H17,South,late_feed,low,36,36.4,0
Q123H18,2025-05-04,H18,Urban,invalid_code,medium,45,16.8,0
Q123H19,2025-05-04,H19,Mountain,duplicate_key,high,71,36.0,0
Q123H20,2025-05-04,H20,North,invalid_code,high,37,40.2,0
Q126H01,2025-05-07,H01,Central,late_feed,high,59,22.7,0
Q126H02,2025-05-07,H02,South,missing_discharge,high,8,12.3,1
Q126H03,2025-05-07,H03,Urban,late_feed,high,49,40.6,0
Q126H04,2025-05-07,H04,Mountain,invalid_code,medium,57,22.3,0
Q126H05,2025-05-07,H05,North,duplicate_key,high,13,20.3,0
Q126H06,2025-05-07,H06,Central,missing_discharge,medium,51,20.2,1
Q126H07,2025-05-07,H07,South,late_feed,low,56,13.4,0
Q126H08,2025-05-07,H08,Urban,missing_discharge,low,20,11.2,1
Q126H09,2025-05-07,H09,Mountain,duplicate_key,medium,74,30.7,0
Q126H10,2025-05-07,H10,North,missing_discharge,low,43,14.5,1
Q126H11,2025-05-07,H11,Central,missing_discharge,high,39,27.0,0
Q126H12,2025-05-07,H12,South,late_feed,medium,8,24.3,0
Q126H13,2025-05-07,H13,Urban,late_feed,low,6,3.0,0
Q126H14,2025-05-07,H14,Mountain,late_feed,medium,63,31.1,0
Q126H15,2025-05-07,H15,North,invalid_code,low,58,39.0,0
Q126H16,2025-05-07,H16,Central,missing_discharge,low,48,7.3,1
Q126H17,2025-05-07,H17,South,invalid_code,high,51,20.1,0
Q126H18,2025-05-07,H18,Urban,late_feed,high,23,16.6,0
Q126H19,2025-05-07,H19,Mountain,duplicate_key,high,27,18.8,1
Q126H20,2025-05-07,H20,North,late_feed,low,56,6.0,0
Q129H01,2025-05-10,H01,Central,duplicate_key,medium,69,11.8,0
Q129H02,2025-05-10,H02,South,missing_discharge,medium,4,8.3,0
Q129H03,2025-05-10,H03,Urban,duplicate_key,medium,53,25.2,0
Q129H04,2025-05-10,H04,Mountain,late_feed,medium,28,15.5,0
Q129H05,2025-05-10,H05,North,invalid_code,high,29,31.4,0
Q129H06,2025-05-10,H06,Central,missing_discharge,low,24,3.1,1
Q129H07,2025-05-10,H07,South,late_feed,low,15,13.6,0
Q129H08,2025-05-10,H08,Urban,duplicate_key,medium,14,30.7,0
Q129H09,2025-05-10,H09,Mountain,late_feed,medium,26,33.0,0
Q129H10,2025-05-10,H10,North,invalid_code,high,55,27.1,0
Q129H11,2025-05-10,H11,Central,missing_discharge,medium,67,8.1,1
Q129H12,2025-05-10,H12,South,late_feed,medium,25,5.2,0
Q129H13,2025-05-10,H13,Urban,invalid_code,low,54,24.2,0
Q129H14,2025-05-10,H14,Mountain,missing_discharge,high,68,2.2,0
Q129H15,2025-05-10,H15,North,late_feed,low,72,27.8,0
Q129H16,2025-05-10,H16,Central,duplicate_key,low,13,3.2,1
Q129H17,2025-05-10,H17,South,late_feed,low,69,22.4,0
Q129H18,2025-05-10,H18,Urban,late_feed,low,33,12.0,0
Q129H19,2025-05-10,H19,Mountain,late_feed,high,71,28.2,0
Q129H20,2025-05-10,H20,North,invalid_code,medium,17,19.1,0
Q132H01,2025-05-13,H01,Central,late_feed,medium,56,10.5,0
Q132H02,2025-05-13,H02,South,duplicate_key,medium,23,2.3,0
Q132H03,2025-05-13,H03,Urban,missing_discharge,medium,51,7.1,1
Q132H04,2025-05-13,H04,Mountain,late_feed,high,25,23.3,0
Q132H05,2025-05-13,H05,North,late_feed,medium,31,14.6,0
Q132H06,2025-05-13,H06,Central,missing_discharge,low,60,8.1,1
Q132H07,2025-05-13,H07,South,invalid_code,medium,48,15.3,0
Q132H08,2025-05-13,H08,Urban,missing_discharge,high,33,26.9,0
Q132H09,2025-05-13,H09,Mountain,late_feed,high,39,23.4,0
Q132H10,2025-05-13,H10,North,invalid_code,medium,26,4.2,0
Q132H11,2025-05-13,H11,Central,invalid_code,high,30,32.6,0
Q132H12,2025-05-13,H12,South,duplicate_key,low,65,18.2,1
Q132H13,2025-05-13,H13,Urban,invalid_code,low,12,31.8,0
Q132H14,2025-05-13,H14,Mountain,missing_discharge,high,45,6.3,0
Q132H15,2025-05-13,H15,North,invalid_code,low,49,16.0,0
Q132H16,2025-05-13,H16,Central,missing_discharge,high,9,33.7,1
Q132H17,2025-05-13,H17,South,duplicate_key,low,43,9.1,1
Q132H18,2025-05-13,H18,Urban,invalid_code,medium,36,8.1,0
Q132H19,2025-05-13,H19,Mountain,late_feed,medium,44,28.7,0
Q132H20,2025-05-13,H20,North,duplicate_key,medium,40,7.4,1
Q135H01,2025-05-16,H01,Central,late_feed,low,42,25.6,0
Q135H02,2025-05-16,H02,South,duplicate_key,high,10,12.2,0
Q135H03,2025-05-16,H03,Urban,invalid_code,medium,5,3.5,0
Q135H04,2025-05-16,H04,Mountain,duplicate_key,high,66,7.2,1
Q135H05,2025-05-16,H05,North,missing_discharge,high,34,3.8,1
Q135H06,2025-05-16,H06,Central,duplicate_key,low,27,37.2,0
Q135H07,2025-05-16,H07,South,invalid_code,low,73,41.6,0
Q135H08,2025-05-16,H08,Urban,invalid_code,medium,69,12.2,0
Q135H09,2025-05-16,H09,Mountain,duplicate_key,medium,52,6.1,1
Q135H10,2025-05-16,H10,North,late_feed,low,67,36.0,0
Q135H11,2025-05-16,H11,Central,late_feed,high,59,30.5,0
Q135H12,2025-05-16,H12,South,invalid_code,medium,37,22.4,0
Q135H13,2025-05-16,H13,Urban,missing_discharge,low,12,31.1,1
Q135H14,2025-05-16,H14,Mountain,missing_discharge,medium,32,16.9,1
Q135H15,2025-05-16,H15,North,late_feed,high,38,39.6,0
Q135H16,2025-05-16,H16,Central,late_feed,high,71,36.0,0
Q135H17,2025-05-16,H17,South,invalid_code,high,63,31.1,0
Q135H18,2025-05-16,H18,Urban,duplicate_key,medium,36,14.5,1
Q135H19,2025-05-16,H19,Mountain,invalid_code,low,59,31.4,0
Q135H20,2025-05-16,H20,North,duplicate_key,low,22,17.4,1
Q138H01,2025-05-19,H01,Central,late_feed,low,65,13.9,0
Q138H02,2025-05-19,H02,South,late_feed,low,24,27.6,0
Q138H03,2025-05-19,H03,Urban,duplicate_key,low,7,15.6,0
Q138H04,2025-05-19,H04,Mountain,late_feed,low,14,2.3,0
Q138H05,2025-05-19,H05,North,duplicate_key,medium,74,13.8,0
Q138H06,2025-05-19,H06,Central,missing_discharge,medium,48,23.1,1
Q138H07,2025-05-19,H07,South,duplicate_key,low,7,2.0,0
Q138H08,2025-05-19,H08,Urban,invalid_code,high,40,37.2,0
Q138H09,2025-05-19,H09,Mountain,late_feed,medium,47,37.4,0
Q138H10,2025-05-19,H10,North,late_feed,medium,43,26.8,0
Q138H11,2025-05-19,H11,Central,invalid_code,low,23,6.2,0
Q138H12,2025-05-19,H12,South,invalid_code,medium,63,22.5,0
Q138H13,2025-05-19,H13,Urban,late_feed,low,16,24.3,0
Q138H14,2025-05-19,H14,Mountain,duplicate_key,medium,60,31.8,0
Q138H15,2025-05-19,H15,North,missing_discharge,high,18,25.4,0
Q138H16,2025-05-19,H16,Central,invalid_code,high,32,28.3,0
Q138H17,2025-05-19,H17,South,invalid_code,medium,6,6.2,0
Q138H18,2025-05-19,H18,Urban,late_feed,medium,68,33.2,0
Q138H19,2025-05-19,H19,Mountain,late_feed,high,54,9.0,0
Q138H20,2025-05-19,H20,North,invalid_code,low,60,4.5,0
Q141H01,2025-05-22,H01,Central,duplicate_key,medium,63,8.5,1
Q141H02,2025-05-22,H02,South,late_feed,medium,13,32.7,0
Q141H03,2025-05-22,H03,Urban,invalid_code,high,18,9.7,0
Q141H04,2025-05-22,H04,Mountain,invalid_code,low,16,17.6,0
Q141H05,2025-05-22,H05,North,invalid_code,low,15,20.2,0
Q141H06,2025-05-22,H06,Central,invalid_code,high,6,38.5,0
Q141H07,2025-05-22,H07,South,duplicate_key,high,48,10.5,0
Q141H08,2025-05-22,H08,Urban,duplicate_key,medium,18,2.4,0
Q141H09,2025-05-22,H09,Mountain,duplicate_key,high,43,19.1,0
Q141H10,2025-05-22,H10,North,missing_discharge,high,70,23.7,1
Q141H11,2025-05-22,H11,Central,late_feed,high,27,35.0,0
Q141H12,2025-05-22,H12,South,missing_discharge,medium,15,3.0,1
Q141H13,2025-05-22,H13,Urban,duplicate_key,medium,36,16.5,1
Q141H14,2025-05-22,H14,Mountain,missing_discharge,high,62,36.1,0
Q141H15,2025-05-22,H15,North,missing_discharge,low,39,39.4,0
Q141H16,2025-05-22,H16,Central,late_feed,high,24,16.8,0
Q141H17,2025-05-22,H17,South,invalid_code,medium,41,29.4,0
Q141H18,2025-05-22,H18,Urban,duplicate_key,low,56,30.4,0
Q141H19,2025-05-22,H19,Mountain,invalid_code,medium,11,15.4,0
Q141H20,2025-05-22,H20,North,duplicate_key,low,11,40.7,0
Q144H01,2025-05-25,H01,Central,duplicate_key,high,15,40.9,1
Q144H02,2025-05-25,H02,South,duplicate_key,low,60,14.1,0
Q144H03,2025-05-25,H03,Urban,duplicate_key,high,61,37.1,1
Q144H04,2025-05-25,H04,Mountain,invalid_code,low,14,38.8,0
Q144H05,2025-05-25,H05,North,duplicate_key,medium,23,26.4,1
Q144H06,2025-05-25,H06,Central,late_feed,low,48,17.7,0
Q144H07,2025-05-25,H07,South,missing_discharge,medium,20,30.4,0
Q144H08,2025-05-25,H08,Urban,duplicate_key,medium,10,10.3,1
Q144H09,2025-05-25,H09,Mountain,late_feed,high,12,20.2,0
Q144H10,2025-05-25,H10,North,missing_discharge,high,10,37.0,0
Q144H11,2025-05-25,H11,Central,missing_discharge,high,8,2.4,0
Q144H12,2025-05-25,H12,South,duplicate_key,medium,66,28.8,0
Q144H13,2025-05-25,H13,Urban,late_feed,high,46,14.7,0
Q144H14,2025-05-25,H14,Mountain,duplicate_key,medium,30,18.0,1
Q144H15,2025-05-25,H15,North,invalid_code,low,5,8.5,0
Q144H16,2025-05-25,H16,Central,late_feed,high,15,28.6,0
Q144H17,2025-05-25,H17,South,invalid_code,medium,15,10.6,0
Q144H18,2025-05-25,H18,Urban,duplicate_key,medium,35,19.2,1
Q144H19,2025-05-25,H19,Mountain,late_feed,high,34,20.3,0
Q144H20,2025-05-25,H20,North,invalid_code,high,67,9.7,0
Q147H01,2025-05-28,H01,Central,invalid_code,low,67,15.5,0
Q147H02,2025-05-28,H02,South,missing_discharge,medium,12,5.1,1
Q147H03,2025-05-28,H03,Urban,late_feed,medium,20,27.0,0
Q147H04,2025-05-28,H04,Mountain,missing_discharge,high,37,17.7,0
Q147H05,2025-05-28,H05,North,missing_discharge,medium,43,26.9,0
Q147H06,2025-05-28,H06,Central,duplicate_key,medium,41,30.4,1
Q147H07,2025-05-28,H07,South,missing_discharge,low,34,31.6,0
Q147H08,2025-05-28,H08,Urban,late_feed,medium,56,9.5,0
Q147H09,2025-05-28,H09,Mountain,invalid_code,low,40,3.5,0
Q147H10,2025-05-28,H10,North,invalid_code,high,13,36.3,0
Q147H11,2025-05-28,H11,Central,missing_discharge,medium,57,24.1,1
Q147H12,2025-05-28,H12,South,invalid_code,high,19,29.8,0
Q147H13,2025-05-28,H13,Urban,late_feed,high,57,33.5,0
Q147H14,2025-05-28,H14,Mountain,invalid_code,low,57,36.0,0
Q147H15,2025-05-28,H15,North,late_feed,low,63,33.5,0
Q147H16,2025-05-28,H16,Central,missing_discharge,medium,27,18.9,0
Q147H17,2025-05-28,H17,South,missing_discharge,low,60,8.5,0
Q147H18,2025-05-28,H18,Urban,missing_discharge,medium,16,40.5,0
Q147H19,2025-05-28,H19,Mountain,duplicate_key,medium,44,40.5,0
Q147H20,2025-05-28,H20,North,duplicate_key,low,44,22.5,1
Q150H01,2025-05-31,H01,Central,late_feed,low,5,2.6,0
Q150H02,2025-05-31,H02,South,invalid_code,medium,63,40.9,0
Q150H03,2025-05-31,H03,Urban,invalid_code,low,11,32.7,0
Q150H04,2025-05-31,H04,Mountain,missing_discharge,medium,12,30.6,1
Q150H05,2025-05-31,H05,North,late_feed,low,73,8.6,0
Q150H06,2025-05-31,H06,Central,duplicate_key,medium,62,11.9,0
Q150H07,2025-05-31,H07,South,duplicate_key,medium,43,28.4,0
Q150H08,2025-05-31,H08,Urban,duplicate_key,high,32,10.0,1
Q150H09,2025-05-31,H09,Mountain,duplicate_key,low,6,24.1,0
Q150H10,2025-05-31,H10,North,duplicate_key,low,32,36.4,1
Q150H11,2025-05-31,H11,Central,invalid_code,medium,19,28.9,0
Q150H12,2025-05-31,H12,South,invalid_code,medium,72,37.6,0
Q150H13,2025-05-31,H13,Urban,invalid_code,high,69,22.0,0
Q150H14,2025-05-31,H14,Mountain,invalid_code,high,71,13.0,0
Q150H15,2025-05-31,H15,North,missing_discharge,low,41,6.0,1
Q150H16,2025-05-31,H16,Central,late_feed,low,49,15.4,0
Q150H17,2025-05-31,H17,South,missing_discharge,medium,20,13.8,1
Q150H18,2025-05-31,H18,Urban,missing_discharge,medium,39,30.9,1
Q150H19,2025-05-31,H19,Mountain,missing_discharge,high,62,5.8,0
Q150H20,2025-05-31,H20,North,invalid_code,medium,64,3.4,0
Q153H01,2025-06-03,H01,Central,invalid_code,high,66,31.0,0
Q153H02,2025-06-03,H02,South,duplicate_key,high,38,27.4,0
Q153H03,2025-06-03,H03,Urban,duplicate_key,medium,30,25.3,0
Q153H04,2025-06-03,H04,Mountain,invalid_code,high,32,37.8,0
Q153H05,2025-06-03,H05,North,missing_discharge,high,20,5.6,1
Q153H06,2025-06-03,H06,Central,late_feed,high,46,20.5,0
Q153H07,2025-06-03,H07,South,duplicate_key,low,64,26.1,0
Q153H08,2025-06-03,H08,Urban,invalid_code,medium,35,5.6,0
Q153H09,2025-06-03,H09,Mountain,duplicate_key,low,54,39.7,0
Q153H10,2025-06-03,H10,North,missing_discharge,medium,26,19.9,0
Q153H11,2025-06-03,H11,Central,invalid_code,medium,54,7.1,0
Q153H12,2025-06-03,H12,South,duplicate_key,low,10,18.1,0
Q153H13,2025-06-03,H13,Urban,duplicate_key,low,59,11.6,0
Q153H14,2025-06-03,H14,Mountain,missing_discharge,medium,70,17.0,0
Q153H15,2025-06-03,H15,North,late_feed,medium,59,40.4,0
Q153H16,2025-06-03,H16,Central,late_feed,medium,46,26.8,0
Q153H17,2025-06-03,H17,South,invalid_code,low,14,6.7,0
Q153H18,2025-06-03,H18,Urban,missing_discharge,low,28,32.6,0
Q153H19,2025-06-03,H19,Mountain,invalid_code,low,36,30.7,0
Q153H20,2025-06-03,H20,North,missing_discharge,low,7,25.0,0
Q156H01,2025-06-06,H01,Central,invalid_code,medium,71,5.5,0
Q156H02,2025-06-06,H02,South,duplicate_key,low,12,10.9,1
Q156H03,2025-06-06,H03,Urban,invalid_code,high,32,32.6,0
Q156H04,2025-06-06,H04,Mountain,invalid_code,low,68,2.3,0
Q156H05,2025-06-06,H05,North,late_feed,low,44,18.6,0
Q156H06,2025-06-06,H06,Central,late_feed,high,73,34.7,0
Q156H07,2025-06-06,H07,South,missing_discharge,low,56,12.2,1
Q156H08,2025-06-06,H08,Urban,duplicate_key,medium,73,7.1,0
Q156H09,2025-06-06,H09,Mountain,invalid_code,low,9,22.0,0
Q156H10,2025-06-06,H10,North,late_feed,low,17,18.7,0
Q156H11,2025-06-06,H11,Central,invalid_code,high,69,7.3,0
Q156H12,2025-06-06,H12,South,duplicate_key,medium,59,31.3,0
Q156H13,2025-06-06,H13,Urban,invalid_code,high,41,39.8,0
Q156H14,2025-06-06,H14,Mountain,duplicate_key,low,31,21.2,0
Q156H15,2025-06-06,H15,North,late_feed,high,54,19.3,0
Q156H16,2025-06-06,H16,Central,missing_discharge,high,19,21.4,1
Q156H17,2025-06-06,H17,South,missing_discharge,low,54,6.2,0
Q156H18,2025-06-06,H18,Urban,late_feed,high,28,31.3,0
Q156H19,2025-06-06,H19,Mountain,late_feed,low,70,27.1,0
Q156H20,2025-06-06,H20,North,duplicate_key,low,26,17.7,0
Q159H01,2025-06-09,H01,Central,missing_discharge,medium,63,27.8,1
Q159H02,2025-06-09,H02,South,missing_discharge,high,70,12.6,0
Q159H03,2025-06-09,H03,Urban,invalid_code,high,20,31.8,0
Q159H04,2025-06-09,H04,Mountain,missing_discharge,low,67,11.9,0
Q159H05,2025-06-09,H05,North,missing_discharge,medium,54,29.7,0
Q159H06,2025-06-09,H06,Central,invalid_code,high,73,8.1,0
Q159H07,2025-06-09,H07,South,missing_discharge,medium,4,18.5,0
Q159H08,2025-06-09,H08,Urban,late_feed,high,58,16.6,0
Q159H09,2025-06-09,H09,Mountain,invalid_code,medium,9,8.9,0
Q159H10,2025-06-09,H10,North,duplicate_key,medium,33,31.3,0
Q159H11,2025-06-09,H11,Central,missing_discharge,low,63,17.7,0
Q159H12,2025-06-09,H12,South,missing_discharge,low,29,8.2,0
Q159H13,2025-06-09,H13,Urban,late_feed,low,8,9.9,0
Q159H14,2025-06-09,H14,Mountain,duplicate_key,low,39,16.0,0
Q159H15,2025-06-09,H15,North,missing_discharge,medium,68,39.6,0
Q159H16,2025-06-09,H16,Central,missing_discharge,medium,47,18.0,0
Q159H17,2025-06-09,H17,South,duplicate_key,high,33,21.4,1
Q159H18,2025-06-09,H18,Urban,duplicate_key,high,70,33.2,1
Q159H19,2025-06-09,H19,Mountain,invalid_code,low,38,17.4,0
Q159H20,2025-06-09,H20,North,invalid_code,high,61,7.2,0
Q162H01,2025-06-12,H01,Central,duplicate_key,low,64,24.0,0
Q162H02,2025-06-12,H02,South,duplicate_key,medium,63,11.5,1
Q162H03,2025-06-12,H03,Urban,late_feed,low,33,14.8,0
Q162H04,2025-06-12,H04,Mountain,invalid_code,medium,10,17.8,0
Q162H05,2025-06-12,H05,North,late_feed,high,45,21.4,0
Q162H06,2025-06-12,H06,Central,late_feed,medium,68,30.9,0
Q162H07,2025-06-12,H07,South,missing_discharge,high,29,6.7,1
Q162H08,2025-06-12,H08,Urban,invalid_code,medium,74,6.1,0
Q162H09,2025-06-12,H09,Mountain,late_feed,low,65,13.2,0
Q162H10,2025-06-12,H10,North,missing_discharge,high,5,40.6,0
Q162H11,2025-06-12,H11,Central,late_feed,low,16,25.1,0
Q162H12,2025-06-12,H12,South,late_feed,low,29,26.8,0
Q162H13,2025-06-12,H13,Urban,missing_discharge,medium,7,24.6,1
Q162H14,2025-06-12,H14,Mountain,late_feed,medium,53,35.6,0
Q162H15,2025-06-12,H15,North,invalid_code,high,11,9.4,0
Q162H16,2025-06-12,H16,Central,invalid_code,high,44,24.4,0
Q162H17,2025-06-12,H17,South,late_feed,medium,36,21.5,0
Q162H18,2025-06-12,H18,Urban,duplicate_key,low,19,35.3,0
Q162H19,2025-06-12,H19,Mountain,duplicate_key,high,4,27.1,1
Q162H20,2025-06-12,H20,North,late_feed,low,59,41.9,0
Q165H01,2025-06-15,H01,Central,late_feed,low,48,16.9,0
Q165H02,2025-06-15,H02,South,duplicate_key,medium,51,13.4,0
Q165H03,2025-06-15,H03,Urban,late_feed,medium,71,20.2,0
Q165H04,2025-06-15,H04,Mountain,invalid_code,low,59,6.2,0
Q165H05,2025-06-15,H05,North,late_feed,high,24,37.0,0
Q165H06,2025-06-15,H06,Central,late_feed,medium,43,3.6,0
Q165H07,2025-06-15,H07,South,missing_discharge,medium,34,27.7,0
Q165H08,2025-06-15,H08,Urban,duplicate_key,low,29,19.0,0
Q165H09,2025-06-15,H09,Mountain,invalid_code,high,21,11.0,0
Q165H10,2025-06-15,H10,North,late_feed,low,4,36.8,0
Q165H11,2025-06-15,H11,Central,invalid_code,low,47,39.1,0
Q165H12,2025-06-15,H12,South,invalid_code,medium,46,31.9,0
Q165H13,2025-06-15,H13,Urban,late_feed,high,16,38.6,0
Q165H14,2025-06-15,H14,Mountain,late_feed,low,66,18.6,0
Q165H15,2025-06-15,H15,North,invalid_code,high,19,21.1,0
Q165H16,2025-06-15,H16,Central,missing_discharge,high,31,27.2,1
Q165H17,2025-06-15,H17,South,missing_discharge,low,16,15.5,0
Q165H18,2025-06-15,H18,Urban,invalid_code,high,36,19.0,0
Q165H19,2025-06-15,H19,Mountain,missing_discharge,low,48,32.4,0
Q165H20,2025-06-15,H20,North,invalid_code,low,69,8.7,0
Q168H01,2025-06-18,H01,Central,invalid_code,high,51,18.2,0
Q168H02,2025-06-18,H02,South,missing_discharge,medium,71,7.8,1
Q168H03,2025-06-18,H03,Urban,invalid_code,high,30,21.5,0
Q168H04,2025-06-18,H04,Mountain,late_feed,low,61,18.9,0
Q168H05,2025-06-18,H05,North,duplicate_key,low,38,26.3,0
Q168H06,2025-06-18,H06,Central,late_feed,medium,4,14.1,0
Q168H07,2025-06-18,H07,South,duplicate_key,low,35,20.0,1
Q168H08,2025-06-18,H08,Urban,invalid_code,high,35,33.8,0
Q168H09,2025-06-18,H09,Mountain,missing_discharge,medium,62,10.6,0
Q168H10,2025-06-18,H10,North,late_feed,high,63,37.3,0
Q168H11,2025-06-18,H11,Central,missing_discharge,medium,8,34.0,1
Q168H12,2025-06-18,H12,South,late_feed,high,38,26.4,0
Q168H13,2025-06-18,H13,Urban,missing_discharge,medium,21,9.9,0
Q168H14,2025-06-18,H14,Mountain,missing_discharge,medium,23,15.6,0
Q168H15,2025-06-18,H15,North,duplicate_key,high,36,22.6,0
Q168H16,2025-06-18,H16,Central,duplicate_key,high,10,5.2,1
Q168H17,2025-06-18,H17,South,duplicate_key,high,11,31.9,0
Q168H18,2025-06-18,H18,Urban,missing_discharge,low,36,27.0,1
Q168H19,2025-06-18,H19,Mountain,invalid_code,medium,37,25.2,0
Q168H20,2025-06-18,H20,North,missing_discharge,high,35,39.3,0
Q171H01,2025-06-21,H01,Central,late_feed,medium,60,41.0,0
Q171H02,2025-06-21,H02,South,missing_discharge,low,24,11.8,0
Q171H03,2025-06-21,H03,Urban,invalid_code,high,18,41.1,0
Q171H04,2025-06-21,H04,Mountain,late_feed,low,70,13.8,0
Q171H05,2025-06-21,H05,North,late_feed,low,43,21.8,0
Q171H06,2025-06-21,H06,Central,invalid_code,high,18,32.4,0
Q171H07,2025-06-21,H07,South,invalid_code,high,20,26.4,0
Q171H08,2025-06-21,H08,Urban,duplicate_key,medium,15,11.1,0
Q171H09,2025-06-21,H09,Mountain,late_feed,low,23,29.5,0
Q171H10,2025-06-21,H10,North,duplicate_key,high,37,9.7,1
Q171H11,2025-06-21,H11,Central,late_feed,low,32,3.5,0
Q171H12,2025-06-21,H12,South,late_feed,low,34,26.7,0
Q171H13,2025-06-21,H13,Urban,invalid_code,medium,25,13.0,0
Q171H14,2025-06-21,H14,Mountain,duplicate_key,medium,29,32.9,0
Q171H15,2025-06-21,H15,North,late_feed,high,6,36.6,0
Q171H16,2025-06-21,H16,Central,duplicate_key,low,6,12.7,1
Q171H17,2025-06-21,H17,South,duplicate_key,medium,43,10.8,0
Q171H18,2025-06-21,H18,Urban,duplicate_key,medium,23,9.2,1
Q171H19,2025-06-21,H19,Mountain,invalid_code,high,43,21.8,0
Q171H20,2025-06-21,H20,North,invalid_code,low,66,19.1,0
Q174H01,2025-06-24,H01,Central,invalid_code,low,60,38.3,0
Q174H02,2025-06-24,H02,South,missing_discharge,low,63,16.3,1
Q174H03,2025-06-24,H03,Urban,duplicate_key,high,44,35.7,1
Q174H04,2025-06-24,H04,Mountain,late_feed,low,11,16.4,0
Q174H05,2025-06-24,H05,North,late_feed,high,21,29.8,0
Q174H06,2025-06-24,H06,Central,missing_discharge,medium,58,22.6,0
Q174H07,2025-06-24,H07,South,late_feed,low,27,25.1,0
Q174H08,2025-06-24,H08,Urban,missing_discharge,high,72,32.7,1
Q174H09,2025-06-24,H09,Mountain,missing_discharge,medium,50,15.3,0
Q174H10,2025-06-24,H10,North,duplicate_key,low,31,5.9,1
Q174H11,2025-06-24,H11,Central,duplicate_key,high,72,10.1,1
Q174H12,2025-06-24,H12,South,missing_discharge,high,52,25.6,0
Q174H13,2025-06-24,H13,Urban,late_feed,low,14,14.6,0
Q174H14,2025-06-24,H14,Mountain,late_feed,low,40,24.0,0
Q174H15,2025-06-24,H15,North,missing_discharge,low,40,16.2,1
Q174H16,2025-06-24,H16,Central,missing_discharge,medium,53,6.8,1
Q174H17,2025-06-24,H17,South,invalid_code,high,68,39.7,0
Q174H18,2025-06-24,H18,Urban,late_feed,medium,49,33.6,0
Q174H19,2025-06-24,H19,Mountain,late_feed,low,50,27.3,0
Q174H20,2025-06-24,H20,North,late_feed,low,54,8.9,0
Q177H01,2025-06-27,H01,Central,late_feed,medium,28,3.5,0
Q177H02,2025-06-27,H02,South,invalid_code,high,14,19.8,0
Q177H03,2025-06-27,H03,Urban,missing_discharge,high,48,28.1,0
Q177H04,2025-06-27,H04,Mountain,invalid_code,low,56,6.0,0
Q177H05,2025-06-27,H05,North,late_feed,medium,39,32.2,0
Q177H06,2025-06-27,H06,Central,late_feed,medium,40,7.5,0
Q177H07,2025-06-27,H07,South,missing_discharge,medium,8,19.1,0
Q177H08,2025-06-27,H08,Urban,missing_discharge,low,35,30.6,0
Q177H09,2025-06-27,H09,Mountain,missing_discharge,low,10,2.1,0
Q177H10,2025-06-27,H10,North,missing_discharge,high,30,10.9,0
Q177H11,2025-06-27,H11,Central,late_feed,medium,13,31.1,0
Q177H12,2025-06-27,H12,South,late_feed,medium,44,16.6,0
Q177H13,2025-06-27,H13,Urban,missing_discharge,high,58,8.2,0
Q177H14,2025-06-27,H14,Mountain,invalid_code,low,31,14.1,0
Q177H15,2025-06-27,H15,North,invalid_code,low,66,5.9,0
Q177H16,2025-06-27,H16,Central,late_feed,low,71,40.9,0
Q177H17,2025-06-27,H17,South,invalid_code,low,33,41.9,0
Q177H18,2025-06-27,H18,Urban,missing_discharge,low,67,31.2,0
Q177H19,2025-06-27,H19,Mountain,duplicate_key,low,48,19.7,0
Q177H20,2025-06-27,H20,North,invalid_code,high,31,26.6,0
